,event_id,squadnumber,team_name,player_name_x,player_id,rating,minutes_played,shotstotal,shotson,offsides,gconceded,gassists,gtotal,ptotal,pkey,paccuracy,ttotal,tblocks,tinterc,dtotal,dwon,dattempts,dsuccess,dpast,fdrawn,fcommit,red,yellow,penaltysuccess,player_name_y,Opponent
0,167939,1,Sunderland,Jon McLaughlin,19880,7.6,90,0,0,,1,0,0,15,0,41,0,0,0,0,0,0,0,0,0,0,0,0,0,Jon McLaughlin,Ipswich Town
1,167939,2,Sunderland,Connor McLaughlin,19633,6.3,90,0,0,,0,0,0,27,0,60,1,0,1,0,0,0,0,2,3,0,0,0,0,Connor McLaughlin,Ipswich Town
2,167939,4,Sunderland,Jordan Willis,19992,6.9,84,0,0,,0,0,0,11,0,44,0,1,2,0,0,0,0,0,2,0,0,0,0,Jordan Willis,Ipswich Town
3,167939,12,Sunderland,Tom Flanagan,19887,6.8,90,0,0,,0,0,0,10,0,50,0,1,2,0,0,1,1,0,1,2,0,0,0,Tom Flanagan,Ipswich Town
4,167939,33,Sunderland,Denver Hume,19888,6.2,45,0,0,,0,0,0,8,0,50,0,0,0,0,0,0,0,1,1,1,0,0,0,Denver Hume,Ipswich Town
5,167939,13,Sunderland,Luke O'Nien,19911,6.4,90,0,0,,0,0,0,32,0,72,0,1,0,0,0,1,1,1,3,2,0,0,0,Luke O'Nien,Ipswich Town
6,167939,18,Sunderland,George Dobson,20436,6.7,90,0,0,,0,0,0,30,1,75,0,2,2,0,0,0,0,0,0,1,0,1,0,George Dobson,Ipswich Town
7,167939,8,Sunderland,Dylan McGeouch,19908,6.8,90,0,0,,0,0,0,29,0,87,1,1,2,0,0,1,1,0,1,0,0,0,0,Dylan McGeouch,Ipswich Town
8,167939,11,Sunderland,Lynden Gooch,19901,7.1,90,3,1,,0,0,1,22,0,71,0,0,0,0,0,1,1,1,0,2,0,0,0,Lynden Gooch,Ipswich Town
9,167939,10,Sunderland,Marc McNulty,44853,6.7,90,0,0,,0,1,0,10,1,76,1,0,0,0,0,1,0,0,0,3,0,0,0,Marc McNulty,Ipswich Town
10,167939,19,Sunderland,Aiden McGeady,19907,6.5,74,0,0,,0,0,0,15,1,83,0,0,0,0,0,0,0,0,0,1,0,0,0,Aiden McGeady,Ipswich Town
11,167939,5,Sunderland,Alim Öztürk,19896,6.8,10,0,0,,0,0,0,4,0,100,0,0,0,0,0,0,0,0,0,0,0,0,0,Alim √ñzt√ºrk,Ipswich Town
12,167939,7,Sunderland,Chris Maguire,19916,6.9,45,0,0,,0,0,0,14,0,60,1,1,0,0,0,3,2,0,3,0,0,0,0,Chris Maguire,Ipswich Town
13,167939,22,Sunderland,Will Grigg,19915,6.7,16,0,0,,0,0,0,6,0,85,1,0,0,0,0,0,0,0,0,0,0,0,0,Will Grigg,Ipswich Town
14,167955,1,Sunderland,Jon McLaughlin,19880,6.6,90,0,0,,1,0,0,10,0,28,0,0,0,0,0,0,0,0,1,0,0,0,0,Jon McLaughlin,Portsmouth
15,167955,13,Sunderland,Luke O'Nien,19911,6.4,90,0,0,,0,0,0,19,0,70,1,0,0,0,0,0,0,0,0,3,0,0,0,Luke O'Nien,Portsmouth
16,167955,5,Sunderland,Alim Öztürk,19896,6.7,90,0,0,,0,0,0,19,0,61,0,1,0,0,0,0,0,0,1,2,0,0,0,Alim √ñzt√ºrk,Portsmouth
17,167955,4,Sunderland,Jordan Willis,19992,7.7,90,1,1,,0,0,1,14,0,51,1,0,0,0,0,0,0,0,4,0,0,0,0,Jordan Willis,Portsmouth
18,167955,2,Sunderland,Connor McLaughlin,19633,6.5,90,1,0,,0,0,0,23,0,57,1,0,0,0,0,1,1,2,1,1,0,0,0,Connor McLaughlin,Portsmouth
19,167955,23,Sunderland,Grant Leadbitter,19904,7.6,90,0,0,,0,1,0,29,1,70,5,0,3,0,0,0,0,2,1,1,0,0,0,Grant Leadbitter,Portsmouth
20,167955,6,Sunderland,Max Power,19912,6.1,90,1,0,,0,0,0,29,0,74,0,0,1,0,0,0,0,2,1,2,0,0,0,Max Power,Portsmouth
21,167955,11,Sunderland,Lynden Gooch,19901,6.1,90,0,0,,0,0,0,16,2,84,1,0,0,0,0,2,2,1,2,0,0,0,0,Lynden Gooch,Portsmouth
22,167955,7,Sunderland,Chris Maguire,19916,6.9,87,1,1,,0,0,1,29,0,76,0,0,0,0,0,1,1,1,1,3,0,1,0,Chris Maguire,Portsmouth
23,167955,19,Sunderland,Aiden McGeady,19907,6.3,81,0,0,,0,1,0,15,2,65,2,0,0,0,0,1,1,2,0,1,0,1,0,Aiden McGeady,Portsmouth
24,167955,10,Sunderland,Marc McNulty,44853,6.2,49,0,0,,0,0,0,5,0,83,0,0,0,0,0,0,0,0,0,2,0,0,0,Marc McNulty,Portsmouth
25,167955,33,Sunderland,Denver Hume,19888,6.5,8,0,0,,0,0,0,1,0,25,0,0,0,0,0,0,0,0,0,0,0,0,0,Denver Hume,Portsmouth
26,167955,9,Sunderland,Charlie Wyke,19918,6.4,41,1,0,,0,0,0,9,0,69,0,0,1,0,0,0,0,1,0,2,0,0,0,Charlie Wyke,Portsmouth
27,167955,22,Sunderland,Will Grigg,19915,6.4,9,0,0,,0,0,0,0,0,0,0,0,0,0,0,0,0,0,0,0,0,0,0,Will Grigg,Portsmouth
28,167966,1,Sunderland,Jon McLaughlin,19880,7.6,90,0,0,,1,0,0,21,0,61,0,0,0,0,0,0,0,0,0,0,0,0,0,Jon McLaughlin,Rochdale
29,167966,13,Sunderland,Luke O'Nien,19911,7,90,0,0,,0,1,0,31,2,70,2,0,1,0,0,0,0,0,1,1,0,1,0,Luke O'Nien,Rochdale
30,167966,5,Sunderland,Alim Öztürk,19896,6.6,90,1,0,,0,0,0,20,0,60,0,0,0,0,0,0,0,0,2,1,0,0,0,Alim √ñzt√ºrk,Rochdale
31,167966,4,Sunderland,Jordan Willis,19992,6.9,90,0,0,,0,0,0,9,0,60,1,1,1,0,0,0,0,0,0,1,0,0,0,Jordan Willis,Rochdale
32,167966,2,Sunderland,Connor McLaughlin,19633,6.3,90,0,0,,0,0,0,18,0,72,0,0,0,0,0,0,0,0,0,2,0,1,0,Connor McLaughlin,Rochdale
33,167966,6,Sunderland,Max Power,19912,6.7,65,0,0,,0,0,0,20,0,80,1,0,1,0,0,0,0,0,2,1,0,0,0,Max Power,Rochdale
34,167966,23,Sunderland,Grant Leadbitter,19904,7.1,90,1,0,,0,0,0,25,0,80,1,0,3,0,0,0,0,0,0,2,0,1,0,Grant Leadbitter,Rochdale
35,167966,11,Sunderland,Lynden Gooch,19901,6.2,55,0,0,,0,0,0,7,1,63,1,0,0,0,0,1,1,0,1,0,0,0,0,Lynden Gooch,Rochdale
36,167966,7,Sunderland,Chris Maguire,19916,7,88,1,0,,0,0,0,22,2,66,1,0,0,0,0,0,0,0,3,0,0,0,0,Chris Maguire,Rochdale
37,167966,19,Sunderland,Aiden McGeady,19907,7.6,90,4,1,,0,1,1,18,1,81,1,0,1,0,0,1,1,1,2,1,0,0,0,Aiden McGeady,Rochdale
38,167966,9,Sunderland,Charlie Wyke,19918,7.4,90,2,2,,0,0,1,12,1,50,0,0,1,0,0,0,0,0,0,1,0,1,0,Charlie Wyke,Rochdale
39,167966,17,Sunderland,Elliot Embleton,17838,–,2,0,0,,0,0,0,2,0,100,0,0,0,0,0,0,0,0,0,0,0,0,0,Elliot Embleton,Rochdale
40,167966,8,Sunderland,Dylan McGeouch,19908,6.4,25,0,0,,0,0,0,9,0,90,0,0,0,0,0,0,0,0,0,0,0,0,0,Dylan McGeouch,Rochdale
41,167966,22,Sunderland,Will Grigg,19915,6.6,35,1,1,,0,0,0,6,0,85,0,0,1,0,0,0,0,0,0,0,0,0,0,Will Grigg,Rochdale
42,167979,1,Sunderland,Jon McLaughlin,19880,6.2,90,0,0,,1,0,0,15,0,62,0,0,0,0,0,0,0,0,0,0,0,0,0,Jon McLaughlin,AFC Wimbledon
43,167979,13,Sunderland,Luke O'Nien,19911,7.1,90,0,0,,0,1,0,66,2,79,0,1,0,0,0,0,0,0,1,0,0,0,0,Luke O'Nien,AFC Wimbledon
44,167979,5,Sunderland,Alim Öztürk,19896,6.9,90,0,0,,0,0,0,50,0,89,0,0,2,0,0,0,0,0,0,0,0,0,0,Alim √ñzt√ºrk,AFC Wimbledon
45,167979,4,Sunderland,Jordan Willis,19992,7,90,1,1,,0,0,0,42,0,89,0,0,0,0,0,0,0,0,1,0,0,0,0,Jordan Willis,AFC Wimbledon
46,167979,33,Sunderland,Denver Hume,19888,6.9,90,0,0,,0,0,0,43,1,76,0,0,0,0,0,2,2,0,0,1,0,0,0,Denver Hume,AFC Wimbledon
47,167979,6,Sunderland,Max Power,19912,6.5,67,0,0,,0,0,0,43,0,82,0,0,0,0,0,1,1,1,0,1,0,1,0,Max Power,AFC Wimbledon
48,167979,23,Sunderland,Grant Leadbitter,19904,7.5,90,0,0,,0,0,0,57,3,89,1,1,2,0,0,2,2,0,0,1,0,0,0,Grant Leadbitter,AFC Wimbledon
49,167979,11,Sunderland,Lynden Gooch,19901,6.8,57,1,0,,0,0,0,14,0,73,0,0,0,0,0,3,3,1,2,0,0,0,0,Lynden Gooch,AFC Wimbledon
50,167979,7,Sunderland,Chris Maguire,19916,9,82,5,3,,0,0,3,34,0,79,1,0,1,0,0,0,0,0,0,1,0,0,0,Chris Maguire,AFC Wimbledon
51,167979,19,Sunderland,Aiden McGeady,19907,7.1,90,5,2,,0,0,0,29,2,82,2,0,0,0,0,0,0,0,1,0,0,0,0,Aiden McGeady,AFC Wimbledon
52,167979,9,Sunderland,Charlie Wyke,19918,7,90,3,1,,0,0,0,12,2,70,2,0,0,0,0,1,0,0,1,5,0,0,0,Charlie Wyke,AFC Wimbledon
53,167979,18,Sunderland,George Dobson,20436,6.6,8,0,0,,0,0,0,1,0,50,0,1,0,0,0,0,0,0,0,0,0,0,0,George Dobson,AFC Wimbledon
54,167979,8,Sunderland,Dylan McGeouch,19908,6.5,23,0,0,,0,0,0,16,0,88,1,0,0,0,0,0,0,0,1,0,0,0,0,Dylan McGeouch,AFC Wimbledon
55,167979,22,Sunderland,Will Grigg,19915,6.5,33,1,0,,0,0,0,3,0,75,0,0,0,0,0,0,0,0,1,0,0,0,0,Will Grigg,AFC Wimbledon
56,167991,1,Sunderland,Jon McLaughlin,19880,5.8,90,0,0,,3,0,0,14,0,50,0,0,0,0,0,0,0,0,0,0,0,0,0,Jon McLaughlin,P'borough Utd
57,167991,13,Sunderland,Luke O'Nien,19911,5.8,71,0,0,,0,0,0,35,0,79,0,0,1,0,0,0,0,0,1,0,1,0,0,Luke O'Nien,P'borough Utd
58,167991,5,Sunderland,Alim Öztürk,19896,6.5,90,0,0,,0,0,0,29,0,72,0,0,1,0,0,1,1,0,1,1,0,0,0,Alim √ñzt√ºrk,P'borough Utd
59,167991,4,Sunderland,Jordan Willis,19992,6.6,90,1,0,,0,0,0,20,1,64,0,1,1,0,0,0,0,0,0,0,0,0,0,Jordan Willis,P'borough Utd
60,167991,2,Sunderland,Connor McLaughlin,19633,6.3,90,0,0,,0,0,0,29,1,70,2,0,1,0,0,1,1,0,1,0,0,1,0,Connor McLaughlin,P'borough Utd
61,167991,6,Sunderland,Max Power,19912,6.3,90,2,0,,0,0,0,37,0,82,0,0,0,0,0,0,0,0,1,4,0,1,0,Max Power,P'borough Utd
62,167991,23,Sunderland,Grant Leadbitter,19904,6.7,90,0,0,,0,0,0,39,2,88,0,0,3,0,0,0,0,0,0,5,0,1,0,Grant Leadbitter,P'borough Utd
63,167991,11,Sunderland,Lynden Gooch,19901,6.3,63,1,0,,0,0,0,8,1,80,0,0,0,0,0,5,3,0,2,0,0,0,0,Lynden Gooch,P'borough Utd
64,167991,10,Sunderland,Marc McNulty,44853,6.4,74,2,1,,0,0,0,10,0,62,0,0,0,0,0,2,1,0,0,2,0,0,0,Marc McNulty,P'borough Utd
65,167991,19,Sunderland,Aiden McGeady,19907,6.4,78,1,0,,0,0,0,14,0,66,1,0,1,0,0,0,0,1,0,0,0,0,0,Aiden McGeady,P'borough Utd
66,167991,9,Sunderland,Charlie Wyke,19918,6.5,77,1,0,,0,0,0,7,1,35,0,0,0,0,0,0,0,0,4,3,1,2,0,Charlie Wyke,P'borough Utd
67,167991,12,Sunderland,Tom Flanagan,19887,6.3,16,0,0,,0,0,0,5,0,71,0,0,0,0,0,0,0,0,0,1,0,0,0,Tom Flanagan,P'borough Utd
68,167991,18,Sunderland,George Dobson,20436,6.7,12,0,0,,0,0,0,7,0,100,1,0,0,0,0,0,0,0,0,0,0,0,0,George Dobson,P'borough Utd
69,167991,22,Sunderland,Will Grigg,19915,6.5,27,0,0,,0,0,0,5,0,100,0,0,0,0,0,1,0,0,2,0,0,0,0,Will Grigg,P'borough Utd
70,168007,1,Sunderland,Jon McLaughlin,19880,6.8,90,0,0,,1,0,0,19,0,42,0,0,0,0,0,0,0,1,0,0,0,0,0,Jon McLaughlin,Acc'ton Stanley
71,168007,13,Sunderland,Luke O'Nien,19911,6.5,90,1,0,,0,0,0,22,0,78,1,0,1,0,0,0,0,0,3,4,0,0,0,Luke O'Nien,Acc'ton Stanley
72,168007,5,Sunderland,Alim Öztürk,19896,6.2,90,0,0,,0,0,0,20,0,55,0,0,1,0,0,1,1,0,0,2,0,0,0,Alim √ñzt√ºrk,Acc'ton Stanley
73,168007,4,Sunderland,Jordan Willis,19992,6.7,90,0,0,,0,0,0,26,0,81,0,2,0,0,0,0,0,1,1,0,0,0,0,Jordan Willis,Acc'ton Stanley
74,168007,33,Sunderland,Denver Hume,19888,6.7,90,0,0,,0,1,0,30,1,58,1,0,0,0,0,2,2,0,1,0,0,0,0,Denver Hume,Acc'ton Stanley
75,168007,18,Sunderland,George Dobson,20436,6.6,90,2,0,,0,0,0,34,0,75,2,0,0,0,0,0,0,0,0,4,0,0,0,George Dobson,Acc'ton Stanley
76,168007,23,Sunderland,Grant Leadbitter,19904,6.5,75,0,0,,0,0,0,31,1,79,0,0,1,0,0,0,0,2,2,1,0,1,0,Grant Leadbitter,Acc'ton Stanley
77,168007,11,Sunderland,Lynden Gooch,19901,6.9,90,1,1,,0,0,1,15,1,78,0,0,1,0,0,0,0,0,1,1,0,0,0,Lynden Gooch,Acc'ton Stanley
78,168007,7,Sunderland,Chris Maguire,19916,6.8,77,2,0,,0,1,0,12,2,66,0,0,0,0,0,1,1,0,0,2,0,0,0,Chris Maguire,Acc'ton Stanley
79,168007,19,Sunderland,Aiden McGeady,19907,6.8,90,1,1,,0,0,1,24,1,80,0,0,0,0,0,2,2,0,2,1,0,0,0,Aiden McGeady,Acc'ton Stanley
80,168007,10,Sunderland,Marc McNulty,44853,7.3,82,3,1,,0,0,1,14,0,87,0,0,0,0,0,0,0,0,2,1,0,0,0,Marc McNulty,Acc'ton Stanley
81,168007,17,Sunderland,Elliot Embleton,17838,6.6,8,0,0,,0,0,0,6,0,85,1,0,0,0,0,0,0,1,0,0,0,0,0,Elliot Embleton,Acc'ton Stanley
82,168007,8,Sunderland,Dylan McGeouch,19908,6.6,15,0,0,,0,0,0,7,0,70,0,0,0,0,0,0,0,0,0,0,0,0,0,Dylan McGeouch,Acc'ton Stanley
83,168007,22,Sunderland,Will Grigg,19915,6.5,13,1,1,,0,0,0,2,0,100,0,0,0,0,0,1,0,0,1,0,0,0,0,Will Grigg,Acc'ton Stanley
84,168026,1,Sunderland,Jon McLaughlin,19880,6.6,90,0,0,,1,0,0,5,0,17,0,0,0,0,0,0,0,1,0,0,0,0,0,Jon McLaughlin,Rotherham Utd
85,168026,2,Sunderland,Connor McLaughlin,19633,6.3,70,1,0,,0,0,0,5,0,31,3,0,0,0,0,0,0,1,0,3,0,1,0,Connor McLaughlin,Rotherham Utd
86,168026,5,Sunderland,Alim Öztürk,19896,7,90,0,0,,0,1,0,11,1,44,1,0,3,0,0,0,0,0,2,1,0,0,0,Alim √ñzt√ºrk,Rotherham Utd
87,168026,4,Sunderland,Jordan Willis,19992,6.9,90,0,0,,0,0,0,16,1,50,2,1,0,0,0,0,0,0,1,0,0,0,0,Jordan Willis,Rotherham Utd
88,168026,33,Sunderland,Denver Hume,19888,6.2,90,0,0,,0,0,0,14,0,48,0,0,1,0,0,2,2,1,1,0,0,0,0,Denver Hume,Rotherham Utd
89,168026,8,Sunderland,Dylan McGeouch,19908,6.7,90,0,0,,0,0,0,23,0,59,1,0,3,0,0,0,0,0,1,1,0,0,0,Dylan McGeouch,Rotherham Utd
90,168026,18,Sunderland,George Dobson,20436,6.7,90,0,0,,0,0,0,17,0,68,2,1,1,0,0,0,0,0,1,1,0,1,0,George Dobson,Rotherham Utd
91,168026,11,Sunderland,Lynden Gooch,19901,6.4,85,0,0,,0,0,0,18,0,72,0,0,0,0,0,0,0,0,2,4,0,0,0,Lynden Gooch,Rotherham Utd
92,168026,13,Sunderland,Luke O'Nien,19911,6.6,60,1,0,,0,0,0,19,1,54,1,0,3,0,0,0,0,0,2,8,0,0,0,Luke O'Nien,Rotherham Utd
93,168026,19,Sunderland,Aiden McGeady,19907,6.6,90,4,2,,0,0,0,20,1,76,1,0,0,0,0,2,2,0,0,0,0,1,0,Aiden McGeady,Rotherham Utd
94,168026,10,Sunderland,Marc McNulty,44853,7.4,60,1,1,,0,0,1,11,2,73,0,0,0,0,0,1,1,0,0,2,0,0,0,Marc McNulty,Rotherham Utd
95,168026,7,Sunderland,Chris Maguire,19916,6.4,20,0,0,,0,0,0,2,0,66,0,0,0,0,0,0,0,0,0,0,0,0,0,Chris Maguire,Rotherham Utd
96,168026,22,Sunderland,Will Grigg,19915,6.5,13,0,0,,0,0,0,1,0,50,0,0,0,0,0,0,0,0,0,0,0,0,0,Will Grigg,Rotherham Utd
97,168026,9,Sunderland,Charlie Wyke,19918,6.7,30,1,1,,0,0,0,2,0,25,0,0,0,0,0,0,0,0,0,1,0,0,0,Charlie Wyke,Rotherham Utd
98,168032,1,Sunderland,Jon McLaughlin,19880,6.4,90,0,0,,1,0,0,20,0,57,0,0,0,0,0,0,0,0,0,0,0,0,0,Jon McLaughlin,Bolton
99,168032,13,Sunderland,Luke O'Nien,19911,6.7,45,1,0,,0,0,0,36,0,69,0,0,0,0,0,0,0,1,0,2,0,0,0,Luke O'Nien,Bolton
100,168032,12,Sunderland,Tom Flanagan,19887,7,90,3,0,,0,0,0,49,0,77,0,0,1,0,0,0,0,0,0,2,0,1,0,Tom Flanagan,Bolton
101,168032,4,Sunderland,Jordan Willis,19992,7.1,90,1,0,,0,0,0,48,1,81,0,0,0,0,0,1,1,0,0,1,0,0,0,Jordan Willis,Bolton
102,168032,33,Sunderland,Denver Hume,19888,6.3,45,0,0,,0,0,0,9,1,45,0,0,1,0,0,2,1,2,0,1,0,1,0,Denver Hume,Bolton
103,168032,18,Sunderland,George Dobson,20436,6.3,90,0,0,,0,0,0,38,1,86,0,0,0,0,0,1,0,2,1,1,0,0,0,George Dobson,Bolton
104,168032,23,Sunderland,Grant Leadbitter,19904,7.5,74,1,0,,0,0,0,47,4,95,0,0,1,0,0,0,0,1,2,0,0,0,0,Grant Leadbitter,Bolton
105,168032,11,Sunderland,Lynden Gooch,19901,6.5,90,5,1,,0,0,0,31,1,73,0,0,1,0,0,2,2,2,0,0,0,0,0,Lynden Gooch,Bolton
106,168032,7,Sunderland,Chris Maguire,19916,6.8,66,1,1,,0,0,0,15,5,78,0,0,2,0,0,0,0,1,1,1,0,0,0,Chris Maguire,Bolton
107,168032,19,Sunderland,Aiden McGeady,19907,7.7,90,6,3,,0,0,1,30,1,83,0,0,0,0,0,5,5,3,3,1,0,1,1,Aiden McGeady,Bolton
108,168032,22,Sunderland,Will Grigg,19915,6.4,90,2,0,,0,0,0,11,0,68,0,0,0,0,0,0,0,0,0,1,0,0,0,Will Grigg,Bolton
109,168032,2,Sunderland,Connor McLaughlin,19633,6.8,45,0,0,,0,0,0,17,2,68,0,0,1,0,0,3,3,2,2,1,0,0,0,Connor McLaughlin,Bolton
110,168032,6,Sunderland,Max Power,19912,6.7,16,0,0,,0,0,0,11,1,84,0,0,0,0,0,0,0,0,0,2,0,1,0,Max Power,Bolton
111,168032,9,Sunderland,Charlie Wyke,19918,6.6,24,0,0,,0,0,0,2,0,66,0,0,0,0,0,0,0,0,1,0,0,0,0,Charlie Wyke,Bolton
112,168053,1,Sunderland,Jon McLaughlin,19880,7.2,90,0,0,,1,0,0,10,0,52,0,0,0,0,0,0,0,0,0,0,0,0,0,Jon McLaughlin,MK Dons
113,168053,2,Sunderland,Connor McLaughlin,19633,7.3,90,0,0,,0,1,0,37,2,78,0,1,1,0,0,0,0,0,1,1,0,0,0,Connor McLaughlin,MK Dons
114,168053,4,Sunderland,Jordan Willis,19992,6.9,90,0,0,,0,0,0,17,0,81,0,0,1,0,0,1,1,0,1,0,0,0,0,Jordan Willis,MK Dons
115,168053,3,Sunderland,Joel Lynch,19581,7.4,90,0,0,,0,0,0,18,1,62,2,1,3,0,0,0,0,0,2,2,0,0,0,Joel Lynch,MK Dons
116,168053,28,Sunderland,Laurens De Bock,8693,6.8,64,0,0,,0,0,0,19,1,79,0,0,1,0,0,1,1,1,0,1,0,0,0,Laurens De Bock,MK Dons
117,168053,8,Sunderland,Dylan McGeouch,19908,6.6,90,1,0,,0,0,0,30,1,73,3,0,2,0,0,0,0,1,0,3,0,0,0,Dylan McGeouch,MK Dons
118,168053,6,Sunderland,Max Power,19912,7.4,90,6,2,,0,0,1,42,0,85,1,0,1,0,0,1,1,1,0,0,0,1,0,Max Power,MK Dons
119,168053,7,Sunderland,Chris Maguire,19916,7.4,90,4,1,,0,0,0,40,4,85,2,0,0,0,0,1,1,0,0,1,0,1,0,Chris Maguire,MK Dons
120,168053,13,Sunderland,Luke O'Nien,19911,7.5,90,3,2,,0,0,1,34,1,81,1,0,0,0,0,1,0,0,3,4,0,1,0,Luke O'Nien,MK Dons
121,168053,11,Sunderland,Lynden Gooch,19901,6.9,89,3,0,,0,0,0,37,3,82,1,0,1,0,0,2,2,0,2,1,0,0,0,Lynden Gooch,MK Dons
122,168053,9,Sunderland,Charlie Wyke,19918,7.1,81,1,1,,0,1,0,18,2,81,0,0,0,0,0,1,1,0,3,1,0,0,0,Charlie Wyke,MK Dons
123,168053,33,Sunderland,Denver Hume,19888,6.8,26,0,0,,0,0,0,6,0,60,2,1,0,0,0,0,0,0,0,2,0,0,0,Denver Hume,MK Dons
124,168053,18,Sunderland,George Dobson,20436,0,1,0,0,,0,0,0,2,0,66,0,0,0,0,0,0,0,0,0,0,0,0,0,George Dobson,MK Dons
125,168053,22,Sunderland,Will Grigg,19915,6.4,9,0,0,,0,0,0,3,0,100,0,0,0,0,0,0,0,0,0,0,0,0,0,Will Grigg,MK Dons
126,168061,1,Sunderland,Jon McLaughlin,19880,6.1,90,0,0,,2,0,0,10,0,43,0,0,0,0,0,0,0,0,0,0,0,0,0,Jon McLaughlin,Lincoln City
127,168061,2,Sunderland,Connor McLaughlin,19633,6.4,90,1,0,,0,0,0,30,0,60,3,0,0,0,0,0,0,0,1,1,0,1,0,Connor McLaughlin,Lincoln City
128,168061,4,Sunderland,Jordan Willis,19992,6.5,90,2,1,,0,0,0,27,0,73,1,0,2,0,0,0,0,1,0,0,0,0,0,Jordan Willis,Lincoln City
129,168061,3,Sunderland,Joel Lynch,19581,6.3,90,1,0,,0,0,0,23,0,67,0,0,2,0,0,0,0,0,1,1,0,1,0,Joel Lynch,Lincoln City
130,168061,28,Sunderland,Laurens De Bock,8693,6,65,1,1,,0,0,0,19,1,67,0,1,2,0,0,0,0,1,0,2,0,0,0,Laurens De Bock,Lincoln City
131,168061,8,Sunderland,Dylan McGeouch,19908,6.8,90,0,0,,0,0,0,36,0,76,3,1,0,0,0,1,1,0,1,0,0,0,0,Dylan McGeouch,Lincoln City
132,168061,6,Sunderland,Max Power,19912,6.2,90,3,0,,0,0,0,35,0,81,1,0,0,0,0,0,0,1,0,0,0,0,0,Max Power,Lincoln City
133,168061,7,Sunderland,Chris Maguire,19916,7,54,1,1,,0,0,0,17,2,68,2,1,0,0,0,1,0,0,0,1,0,1,0,Chris Maguire,Lincoln City
134,168061,13,Sunderland,Luke O'Nien,19911,6.6,90,1,0,,0,0,0,24,1,68,2,0,1,0,0,0,0,0,5,2,0,0,0,Luke O'Nien,Lincoln City
135,168061,11,Sunderland,Lynden Gooch,19901,6.4,53,0,0,,0,0,0,17,1,77,0,0,0,0,0,2,1,0,0,1,0,0,0,Lynden Gooch,Lincoln City
136,168061,9,Sunderland,Charlie Wyke,19918,6.7,90,1,0,,0,0,0,17,0,81,1,0,0,0,0,0,0,0,3,4,0,1,0,Charlie Wyke,Lincoln City
137,168061,19,Sunderland,Aiden McGeady,19907,6.4,37,2,0,,0,0,0,8,3,53,1,0,0,0,0,0,0,0,1,0,0,1,0,Aiden McGeady,Lincoln City
138,168061,22,Sunderland,Will Grigg,19915,6.4,25,0,0,,0,0,0,4,0,100,0,0,0,0,0,0,0,0,0,3,0,0,0,Will Grigg,Lincoln City
139,168061,10,Sunderland,Marc McNulty,44853,6.5,36,0,0,,0,0,0,11,0,91,0,0,0,0,0,0,0,0,1,0,0,0,0,Marc McNulty,Lincoln City
140,168157,1,Sunderland,Jon McLaughlin,19880,6.4,90,0,0,,1,0,0,13,0,43,0,0,0,0,0,0,0,0,0,0,0,0,0,Jon McLaughlin,Gillingham
141,168157,4,Sunderland,Jordan Willis,19992,7.1,90,0,0,,0,0,0,23,0,62,2,2,3,0,0,0,0,1,0,0,0,0,0,Jordan Willis,Gillingham
142,168157,5,Sunderland,Alim Öztürk,19896,6.9,90,0,0,,0,0,0,27,0,84,2,0,1,0,0,0,0,1,1,1,0,1,0,Alim √ñzt√ºrk,Gillingham
143,168157,12,Sunderland,Tom Flanagan,19887,6.9,90,0,0,,0,0,0,22,0,57,1,0,4,0,0,0,0,0,0,3,0,1,0,Tom Flanagan,Gillingham
144,168157,2,Sunderland,Connor McLaughlin,19633,7,89,0,0,,0,0,0,21,1,63,3,0,0,0,0,1,0,0,1,0,0,0,0,Connor McLaughlin,Gillingham
145,168157,18,Sunderland,George Dobson,20436,6.7,90,1,0,,0,0,0,26,0,83,2,2,1,0,0,2,1,0,2,3,0,0,0,George Dobson,Gillingham
146,168157,23,Sunderland,Grant Leadbitter,19904,7.5,90,0,0,,0,0,0,37,1,78,4,2,1,0,0,1,1,0,2,0,0,0,0,Grant Leadbitter,Gillingham
147,168157,28,Sunderland,Laurens De Bock,8693,6.9,90,1,1,,0,0,0,22,0,66,4,0,0,0,0,0,0,1,2,0,0,0,0,Laurens De Bock,Gillingham
148,168157,13,Sunderland,Luke O'Nien,19911,7.1,90,1,1,,0,0,0,24,1,77,1,0,2,0,0,1,1,0,2,0,0,0,0,Luke O'Nien,Gillingham
149,168157,22,Sunderland,Will Grigg,19915,6.7,90,2,1,,0,0,0,21,0,70,0,0,0,0,0,0,0,0,1,3,0,0,0,Will Grigg,Gillingham
150,168157,10,Sunderland,Marc McNulty,44853,6.6,62,1,0,,0,0,0,8,0,42,1,0,0,0,0,0,0,0,2,1,0,0,0,Marc McNulty,Gillingham
151,168157,7,Sunderland,Chris Maguire,19916,–,1,0,0,,0,0,0,1,0,50,0,0,0,0,0,0,0,0,0,0,0,0,0,Chris Maguire,Gillingham
152,168157,9,Sunderland,Charlie Wyke,19918,6.7,28,1,0,,0,0,0,9,1,69,0,0,0,0,0,0,0,0,1,1,0,0,0,Charlie Wyke,Gillingham
153,168254,1,Sunderland,Jon McLaughlin,19880,7,90,0,0,,0,0,0,18,0,48,0,0,0,0,0,0,0,0,0,0,0,0,0,Jon McLaughlin,MK Dons
154,168254,4,Sunderland,Jordan Willis,19992,7,90,0,0,,0,0,0,9,0,47,2,1,0,0,0,0,0,1,4,0,0,0,0,Jordan Willis,MK Dons
155,168254,5,Sunderland,Alim Öztürk,19896,6.8,90,2,0,,0,0,0,24,2,72,1,1,3,0,0,0,0,0,0,1,0,1,0,Alim √ñzt√ºrk,MK Dons
156,168254,3,Sunderland,Joel Lynch,19581,7.4,90,2,1,,0,0,0,15,0,51,1,0,1,0,0,0,0,0,0,2,0,0,0,Joel Lynch,MK Dons
157,168254,13,Sunderland,Luke O'Nien,19911,7.5,90,4,0,,0,0,0,24,2,85,4,1,2,0,0,0,0,0,2,2,0,0,0,Luke O'Nien,MK Dons
158,168254,18,Sunderland,George Dobson,20436,7.2,90,0,0,,0,0,0,25,0,86,7,0,2,0,0,0,0,2,3,3,0,1,0,George Dobson,MK Dons
159,168254,6,Sunderland,Max Power,19912,6.9,90,0,0,,0,1,0,30,2,83,3,2,2,0,0,0,0,4,1,1,0,0,0,Max Power,MK Dons
160,168254,33,Sunderland,Denver Hume,19888,6.8,90,0,0,,0,0,0,18,2,66,1,2,1,0,0,3,1,0,2,3,0,0,0,Denver Hume,MK Dons
161,168254,7,Sunderland,Chris Maguire,19916,7.6,90,3,1,,0,0,0,23,3,76,3,0,0,0,0,0,0,1,2,3,0,1,0,Chris Maguire,MK Dons
162,168254,9,Sunderland,Charlie Wyke,19918,6.6,77,1,1,,0,0,0,8,1,47,0,0,0,0,0,0,0,1,0,0,0,0,0,Charlie Wyke,MK Dons
163,168254,11,Sunderland,Lynden Gooch,19901,7.6,90,2,2,,0,0,1,16,0,76,0,0,1,0,0,2,2,0,3,2,0,1,0,Lynden Gooch,MK Dons
164,168254,8,Sunderland,Kyle Lafferty,1759,6.6,13,1,0,,0,0,0,3,0,75,0,0,0,0,0,0,0,0,0,0,0,0,0,Kyle Lafferty,MK Dons
165,168077,1,Sunderland,Jon McLaughlin,19880,6.7,90,0,0,,1,0,0,18,0,78,0,0,0,0,0,0,0,0,0,0,0,0,0,Jon McLaughlin,Fleetwood Town
166,168077,4,Sunderland,Jordan Willis,19992,6.6,86,1,1,,0,0,0,42,0,82,0,0,0,0,0,0,0,1,0,0,0,0,0,Jordan Willis,Fleetwood Town
167,168077,5,Sunderland,Alim Öztürk,19896,7,90,0,0,,0,0,0,63,0,90,1,0,1,0,0,0,0,0,0,1,0,1,0,Alim √ñzt√ºrk,Fleetwood Town
168,168077,12,Sunderland,Tom Flanagan,19887,7,90,2,0,,0,0,0,63,0,76,1,0,1,0,0,1,0,0,4,2,0,0,0,Tom Flanagan,Fleetwood Town
169,168077,13,Sunderland,Luke O'Nien,19911,7.2,90,1,0,1,0,0,0,52,1,86,0,0,1,0,0,0,0,0,0,0,0,0,0,Luke O'Nien,Fleetwood Town
170,168077,18,Sunderland,George Dobson,20436,7.2,76,1,0,,0,0,0,41,1,83,1,0,2,0,0,1,1,0,1,0,0,0,0,George Dobson,Fleetwood Town
171,168077,6,Sunderland,Max Power,19912,7.6,90,3,2,,0,0,1,45,0,76,2,0,3,0,0,0,0,0,2,1,0,1,0,Max Power,Fleetwood Town
172,168077,33,Sunderland,Denver Hume,19888,6.7,65,0,0,,0,0,0,11,1,44,0,1,2,0,0,1,1,0,0,0,0,0,0,Denver Hume,Fleetwood Town
173,168077,7,Sunderland,Chris Maguire,19916,8.1,90,3,0,1,0,0,0,42,7,85,0,0,0,0,0,1,1,0,3,0,0,0,0,Chris Maguire,Fleetwood Town
174,168077,9,Sunderland,Charlie Wyke,19918,6.3,90,0,0,1,0,0,0,8,0,61,0,0,0,0,0,2,0,0,2,1,0,0,0,Charlie Wyke,Fleetwood Town
175,168077,11,Sunderland,Lynden Gooch,19901,6.8,90,3,0,,0,0,0,32,0,78,2,0,1,0,0,1,1,0,0,2,0,0,0,Lynden Gooch,Fleetwood Town
176,168077,42,Sunderland,Antoine Semenyo,19281,6.6,25,1,0,,0,0,0,6,0,85,1,0,0,0,0,0,0,0,0,0,0,0,0,Antoine Semenyo,Fleetwood Town
177,168077,8,Sunderland,Kyle Lafferty,1759,6.6,14,1,0,,0,0,0,5,0,55,0,0,0,0,0,0,0,0,0,0,0,0,0,Kyle Lafferty,Fleetwood Town
178,168077,14,Sunderland,Duncan Watmore,19913,7,12,0,0,,0,1,0,5,2,83,0,0,0,0,0,0,0,0,0,0,0,0,0,Duncan Watmore,Fleetwood Town
179,168340,1,Sunderland,Jon McLaughlin,19880,7.2,90,0,0,,0,0,0,12,0,60,0,0,0,0,0,0,0,0,0,0,0,0,0,Jon McLaughlin,Bristol Rovers
180,168340,4,Sunderland,Jordan Willis,19992,6.9,90,1,0,,0,0,0,42,0,73,0,1,1,0,0,0,0,0,1,0,0,0,0,Jordan Willis,Bristol Rovers
181,168340,5,Sunderland,Alim Öztürk,19896,7.3,90,0,0,,0,0,0,46,0,79,1,1,0,0,0,0,0,0,0,1,0,1,0,Alim √ñzt√ºrk,Bristol Rovers
182,168340,12,Sunderland,Tom Flanagan,19887,7.1,90,1,0,,0,0,0,36,0,70,2,0,0,0,0,0,0,0,5,1,0,0,0,Tom Flanagan,Bristol Rovers
183,168340,13,Sunderland,Luke O'Nien,19911,7.5,90,5,2,,0,0,1,37,0,80,2,0,0,0,0,0,0,1,1,2,0,0,0,Luke O'Nien,Bristol Rovers
184,168340,18,Sunderland,George Dobson,20436,7.5,90,0,0,,0,0,0,49,1,96,1,0,3,0,0,0,0,0,2,0,0,0,0,George Dobson,Bristol Rovers
185,168340,6,Sunderland,Max Power,19912,7,90,1,0,,0,0,0,55,1,87,1,0,2,0,0,1,0,0,1,2,0,0,0,Max Power,Bristol Rovers
186,168340,33,Sunderland,Denver Hume,19888,6.3,90,1,0,,0,0,0,14,1,58,0,0,0,0,0,0,0,0,0,0,0,0,0,Denver Hume,Bristol Rovers
187,168340,7,Sunderland,Chris Maguire,19916,9.8,86,4,1,,0,3,0,36,8,83,2,0,0,0,0,4,4,0,3,1,0,0,0,Chris Maguire,Bristol Rovers
188,168340,9,Sunderland,Charlie Wyke,19918,7.5,86,3,1,,0,0,1,10,1,55,0,0,0,0,0,1,1,0,2,3,0,0,0,Charlie Wyke,Bristol Rovers
189,168340,11,Sunderland,Lynden Gooch,19901,7.3,81,2,2,,0,0,1,22,0,71,0,0,0,0,0,1,1,0,1,4,0,1,0,Lynden Gooch,Bristol Rovers
190,168340,42,Sunderland,Antoine Semenyo,19281,7.2,9,0,0,,0,0,0,2,1,100,1,0,0,0,0,1,1,0,0,0,0,0,0,Antoine Semenyo,Bristol Rovers
191,168340,8,Sunderland,Kyle Lafferty,1759,6.6,9,0,0,,0,0,0,1,0,50,0,0,0,0,0,0,0,0,0,0,0,0,0,Kyle Lafferty,Bristol Rovers
192,168340,14,Sunderland,Duncan Watmore,19913,6.5,9,0,0,,0,0,0,1,0,50,0,0,0,0,0,2,1,0,0,0,0,0,0,Duncan Watmore,Bristol Rovers
193,168325,1,Sunderland,Jon McLaughlin,19880,7.6,90,0,0,,0,0,0,11,0,34,0,0,0,0,0,0,0,0,1,0,0,0,0,Jon McLaughlin,Oxford United
194,168325,4,Sunderland,Jordan Willis,19992,6.8,90,0,0,,0,0,0,12,0,44,1,0,2,0,0,0,0,0,1,1,0,0,0,Jordan Willis,Oxford United
195,168325,26,Sunderland,Bailey Wright,19266,6.9,84,0,0,,0,0,0,18,0,66,1,1,0,0,0,0,0,0,0,1,0,0,0,Bailey Wright,Oxford United
196,168325,12,Sunderland,Tom Flanagan,19887,7.4,90,1,0,,0,0,0,16,0,72,1,2,3,0,0,0,0,1,0,1,0,0,0,Tom Flanagan,Oxford United
197,168325,13,Sunderland,Luke O'Nien,19911,7.3,90,1,1,,0,0,0,25,1,67,3,1,2,0,0,0,0,0,1,0,0,0,0,Luke O'Nien,Oxford United
198,168325,18,Sunderland,George Dobson,20436,7.4,90,0,0,,0,0,0,31,0,86,3,0,1,0,0,1,1,0,2,0,0,0,0,George Dobson,Oxford United
199,168325,6,Sunderland,Max Power,19912,7,90,0,0,,0,0,0,18,1,75,1,1,2,0,0,0,0,0,1,1,0,0,0,Max Power,Oxford United
200,168325,33,Sunderland,Denver Hume,19888,6.7,90,1,0,,0,0,0,11,1,61,0,0,0,0,0,1,1,0,2,0,0,0,0,Denver Hume,Oxford United
201,168325,7,Sunderland,Chris Maguire,19916,7.5,86,1,0,,0,0,0,25,3,71,1,0,0,0,0,0,0,0,1,1,0,0,0,Chris Maguire,Oxford United
202,168325,9,Sunderland,Charlie Wyke,19918,6.7,90,1,0,,0,0,0,17,0,77,0,0,1,0,0,0,0,0,1,1,0,0,0,Charlie Wyke,Oxford United
203,168325,11,Sunderland,Lynden Gooch,19901,6.2,59,1,0,,0,0,0,8,0,57,0,0,1,0,0,0,0,2,1,2,0,0,0,Lynden Gooch,Oxford United
204,168325,5,Sunderland,Alim Öztürk,19896,6.5,12,0,0,,0,0,0,0,0,0,0,0,0,0,0,0,0,0,0,0,0,0,0,Alim √ñzt√ºrk,Oxford United
205,168325,28,Sunderland,Josh Scowen,19589,6.6,31,0,0,1,0,0,0,8,0,53,0,0,1,0,0,0,0,0,2,0,0,0,0,Josh Scowen,Oxford United
206,168325,8,Sunderland,Kyle Lafferty,1759,6.5,10,0,0,,0,0,0,2,0,100,0,0,0,0,0,0,0,0,0,2,0,0,0,Kyle Lafferty,Oxford United
207,168089,16,Sunderland,Lee Burge,19977,7.2,90,0,0,,1,0,0,19,0,59,0,0,0,0,0,0,0,0,0,0,0,0,0,Lee Burge,Wycombe
208,168089,2,Sunderland,Connor McLaughlin,19633,7.1,90,1,0,,0,0,0,19,1,48,3,1,2,0,0,0,0,0,3,1,0,0,0,Connor McLaughlin,Wycombe
209,168089,4,Sunderland,Jordan Willis,19992,6.9,90,0,0,,0,0,0,26,0,72,2,0,2,0,0,0,0,0,1,0,0,0,0,Jordan Willis,Wycombe
210,168089,3,Sunderland,Joel Lynch,19581,7.1,90,0,0,,0,0,0,34,0,66,1,2,1,0,0,0,0,0,1,0,0,0,0,Joel Lynch,Wycombe
211,168089,33,Sunderland,Denver Hume,19888,6.8,90,1,0,,0,0,0,18,0,66,2,1,0,0,0,2,2,0,1,0,0,0,0,Denver Hume,Wycombe
212,168089,6,Sunderland,Max Power,19912,7.2,90,0,0,,0,0,0,25,1,69,4,0,2,0,0,0,0,0,0,1,0,0,0,Max Power,Wycombe
213,168089,23,Sunderland,Grant Leadbitter,19904,6.4,70,0,0,,0,0,0,18,0,60,0,0,0,0,0,0,0,1,2,0,0,0,0,Grant Leadbitter,Wycombe
214,168089,14,Sunderland,Duncan Watmore,19913,6.6,62,0,0,,0,0,0,10,2,66,0,0,0,0,0,0,0,0,0,1,0,0,0,Duncan Watmore,Wycombe
215,168089,13,Sunderland,Luke O'Nien,19911,6.7,90,0,0,,0,0,0,19,0,59,0,0,3,0,0,0,0,0,3,3,0,0,0,Luke O'Nien,Wycombe
216,168089,19,Sunderland,Aiden McGeady,19907,6.8,90,4,1,,0,0,0,21,1,77,1,0,1,0,0,1,1,0,0,2,0,1,0,Aiden McGeady,Wycombe
217,168089,9,Sunderland,Charlie Wyke,19918,6.7,45,1,0,,0,0,0,12,1,66,0,0,0,0,0,0,0,0,1,2,0,0,0,Charlie Wyke,Wycombe
218,168089,7,Sunderland,Chris Maguire,19916,6.1,28,0,0,,0,0,0,3,0,37,0,0,1,0,0,0,0,0,0,0,0,0,0,Chris Maguire,Wycombe
219,168089,10,Sunderland,Marc McNulty,44853,6.5,20,0,0,,0,0,0,3,0,60,0,0,0,0,0,0,0,0,0,1,0,0,0,Marc McNulty,Wycombe
220,168089,22,Sunderland,Will Grigg,19915,6.5,45,0,0,,0,0,0,6,0,60,0,0,0,0,0,0,0,0,0,0,0,0,0,Will Grigg,Wycombe
221,168100,16,Sunderland,Lee Burge,19977,7.4,90,0,0,,0,0,0,7,0,35,0,0,0,0,0,0,0,0,0,0,0,0,0,Lee Burge,Tranmere Rovers
222,168100,13,Sunderland,Luke O'Nien,19911,8.1,90,1,1,,0,0,1,46,1,80,2,0,0,0,0,0,0,0,4,1,0,0,0,Luke O'Nien,Tranmere Rovers
223,168100,4,Sunderland,Jordan Willis,19992,7.1,90,0,0,,0,0,0,28,0,68,1,0,1,0,0,0,0,0,3,2,0,0,0,Jordan Willis,Tranmere Rovers
224,168100,3,Sunderland,Joel Lynch,19581,7,90,0,0,,0,0,0,30,0,68,1,1,2,0,0,1,1,1,0,1,0,0,0,Joel Lynch,Tranmere Rovers
225,168100,33,Sunderland,Denver Hume,19888,7.1,90,0,0,,0,0,0,23,0,60,5,0,0,0,0,1,1,1,1,0,0,0,0,Denver Hume,Tranmere Rovers
226,168100,18,Sunderland,George Dobson,20436,7.1,90,2,0,,0,0,0,41,0,83,3,1,2,0,0,0,0,0,2,1,0,1,0,George Dobson,Tranmere Rovers
227,168100,6,Sunderland,Max Power,19912,6.6,90,0,0,,0,0,0,40,1,88,0,0,0,0,0,1,1,0,0,0,0,0,0,Max Power,Tranmere Rovers
228,168100,14,Sunderland,Duncan Watmore,19913,7.8,72,4,1,,0,1,1,9,2,56,0,0,0,0,0,0,0,1,1,0,0,0,0,Duncan Watmore,Tranmere Rovers
229,168100,7,Sunderland,Chris Maguire,19916,8.2,90,3,1,,0,1,1,28,2,71,2,0,0,0,0,0,0,3,3,1,0,0,0,Chris Maguire,Tranmere Rovers
230,168100,11,Sunderland,Lynden Gooch,19901,7.3,54,1,1,,0,0,1,11,0,78,2,0,0,0,0,0,0,0,0,1,0,0,0,Lynden Gooch,Tranmere Rovers
231,168100,22,Sunderland,Will Grigg,19915,8.4,89,3,2,,0,1,1,15,4,78,2,0,0,0,0,0,0,1,0,3,0,0,0,Will Grigg,Tranmere Rovers
232,168100,2,Sunderland,Connor McLaughlin,19633,6.9,18,0,0,,0,0,0,8,0,72,1,0,1,0,0,0,0,0,1,0,0,0,0,Connor McLaughlin,Tranmere Rovers
233,168100,31,Sunderland,Benjamin Mbunga-Kimpioka,19906,–,1,0,0,,0,0,0,0,0,0,0,0,0,0,0,0,0,0,0,0,0,0,0,Benjamin Mbunga-Kimpioka,Tranmere Rovers
234,168100,10,Sunderland,Marc McNulty,44853,7.1,36,2,0,,0,1,0,7,2,77,0,0,0,0,0,1,1,0,0,0,0,0,0,Marc McNulty,Tranmere Rovers
235,168111,16,Sunderland,Lee Burge,19977,6.5,45,0,0,,1,0,0,1,0,25,0,0,0,0,0,0,0,0,0,0,0,0,0,Lee Burge,Shrewsbury
236,168111,13,Sunderland,Luke O'Nien,19911,6.8,90,1,0,,0,0,0,36,1,72,1,0,1,0,0,0,0,0,0,0,0,0,0,Luke O'Nien,Shrewsbury
237,168111,4,Sunderland,Jordan Willis,19992,7,90,1,0,,0,0,0,35,0,87,2,0,0,0,0,2,2,0,1,1,0,0,0,Jordan Willis,Shrewsbury
238,168111,3,Sunderland,Joel Lynch,19581,6.5,90,1,0,,0,0,0,43,0,75,0,0,2,0,0,0,0,1,0,1,0,1,0,Joel Lynch,Shrewsbury
239,168111,33,Sunderland,Denver Hume,19888,6.8,90,0,0,,0,0,0,34,1,61,2,0,0,0,0,8,6,1,1,0,0,0,0,Denver Hume,Shrewsbury
240,168111,18,Sunderland,George Dobson,20436,7.3,90,2,0,,0,0,0,61,1,84,1,1,1,0,0,1,1,0,1,3,0,1,0,George Dobson,Shrewsbury
241,168111,6,Sunderland,Max Power,19912,7.3,90,2,1,,0,0,0,66,0,85,2,0,1,0,0,0,0,1,0,0,0,0,0,Max Power,Shrewsbury
242,168111,14,Sunderland,Duncan Watmore,19913,6.4,60,1,0,,0,0,0,10,0,66,0,0,0,0,0,1,1,0,0,1,0,0,0,Duncan Watmore,Shrewsbury
243,168111,7,Sunderland,Chris Maguire,19916,8.1,90,4,1,,0,0,0,31,3,91,2,0,1,0,0,2,1,0,3,1,0,0,0,Chris Maguire,Shrewsbury
244,168111,19,Sunderland,Aiden McGeady,19907,6.5,90,2,0,,0,0,0,25,3,78,0,0,0,0,0,3,2,0,2,1,0,0,0,Aiden McGeady,Shrewsbury
245,168111,22,Sunderland,Will Grigg,19915,6.6,82,2,0,,0,0,0,4,1,57,0,0,0,0,0,0,0,1,2,1,0,0,0,Will Grigg,Shrewsbury
246,168111,1,Sunderland,Jon McLaughlin,19880,6.5,45,0,0,,1,0,0,13,0,92,0,0,0,0,0,0,0,0,0,0,0,0,0,Jon McLaughlin,Shrewsbury
247,168111,31,Sunderland,Benjamin Mbunga-Kimpioka,19906,6.5,8,0,0,,0,0,0,0,0,0,0,0,0,0,0,0,0,0,0,0,0,0,0,Benjamin Mbunga-Kimpioka,Shrewsbury
248,168111,10,Sunderland,Marc McNulty,44853,6.5,30,0,0,,0,0,0,5,0,71,0,0,0,0,0,0,0,0,0,0,0,0,0,Marc McNulty,Shrewsbury
249,168124,1,Sunderland,Jon McLaughlin,19880,7.5,90,0,0,,0,0,0,19,0,65,0,0,0,0,0,0,0,0,1,0,0,0,0,Jon McLaughlin,Southend United
250,168124,2,Sunderland,Connor McLaughlin,19633,7.1,90,2,1,,0,0,0,53,4,75,0,0,1,0,0,4,2,2,2,3,0,1,0,Connor McLaughlin,Southend United
251,168124,4,Sunderland,Jordan Willis,19992,6.9,90,0,0,,0,0,0,28,0,77,1,0,0,0,0,0,0,0,1,2,0,0,0,Jordan Willis,Southend United
252,168124,3,Sunderland,Joel Lynch,19581,7.2,90,0,0,,0,0,0,48,0,87,0,0,2,0,0,0,0,0,1,1,0,0,0,Joel Lynch,Southend United
253,168124,33,Sunderland,Denver Hume,19888,8.3,90,1,0,,0,1,0,42,4,85,0,1,1,0,0,3,3,0,0,1,0,0,0,Denver Hume,Southend United
254,168124,18,Sunderland,George Dobson,20436,7.6,90,0,0,,0,0,0,43,0,82,5,0,1,0,0,0,0,1,1,0,0,0,0,George Dobson,Southend United
255,168124,6,Sunderland,Max Power,19912,6.9,90,0,0,,0,0,0,37,1,92,0,1,1,0,0,0,0,0,0,2,0,0,0,Max Power,Southend United
256,168124,13,Sunderland,Luke O'Nien,19911,7.8,90,2,2,,0,0,1,39,2,81,1,0,1,0,0,0,0,0,3,0,0,1,0,Luke O'Nien,Southend United
257,168124,7,Sunderland,Chris Maguire,19916,7,62,2,0,,0,0,0,28,1,87,4,0,0,0,0,1,1,1,1,2,0,0,0,Chris Maguire,Southend United
258,168124,19,Sunderland,Aiden McGeady,19907,7.5,86,5,2,,0,0,0,31,0,83,3,0,0,0,0,2,2,0,1,0,0,0,0,Aiden McGeady,Southend United
259,168124,22,Sunderland,Will Grigg,19915,6.2,78,3,0,,0,0,0,8,0,72,0,0,0,0,0,0,0,0,0,1,0,0,0,Will Grigg,Southend United
260,168124,23,Sunderland,Grant Leadbitter,19904,6.6,9,0,0,,0,0,0,3,0,42,0,0,1,0,0,0,0,0,0,0,0,0,0,Grant Leadbitter,Southend United
261,168124,14,Sunderland,Duncan Watmore,19913,6.8,28,3,0,,0,0,0,7,1,87,0,0,0,0,0,3,2,0,0,0,0,0,0,Duncan Watmore,Southend United
262,168124,10,Sunderland,Marc McNulty,44853,6.4,12,0,0,,0,0,0,1,0,33,0,0,0,0,0,0,0,0,1,0,0,0,0,Marc McNulty,Southend United
263,168148,16,Sunderland,Lee Burge,19977,7.3,90,0,0,,1,0,0,15,0,65,0,0,0,0,0,0,0,0,0,0,0,0,0,Lee Burge,Coventry City
264,168148,13,Sunderland,Luke O'Nien,19911,6.9,90,0,0,,0,0,0,52,1,82,1,0,2,0,0,0,0,2,2,1,0,0,0,Luke O'Nien,Coventry City
265,168148,4,Sunderland,Jordan Willis,19992,7.2,68,0,0,,0,0,0,29,0,80,1,1,0,0,0,1,1,0,1,0,0,0,0,Jordan Willis,Coventry City
266,168148,3,Sunderland,Joel Lynch,19581,7.1,90,0,0,,0,0,0,36,0,73,1,1,1,0,0,0,0,0,1,2,0,0,0,Joel Lynch,Coventry City
267,168148,33,Sunderland,Denver Hume,19888,6,90,0,0,,0,0,0,35,0,61,0,0,0,0,0,1,1,1,2,0,0,0,0,Denver Hume,Coventry City
268,168148,18,Sunderland,George Dobson,20436,7,90,1,0,,0,0,0,29,1,74,1,2,0,0,0,0,0,0,1,1,0,0,0,George Dobson,Coventry City
269,168148,23,Sunderland,Grant Leadbitter,19904,7.5,90,0,0,,0,1,0,58,1,87,2,0,2,0,0,0,0,0,1,1,0,0,0,Grant Leadbitter,Coventry City
270,168148,6,Sunderland,Max Power,19912,6.6,66,0,0,,0,0,0,32,1,78,0,0,0,0,0,0,0,0,0,0,0,0,0,Max Power,Coventry City
271,168148,7,Sunderland,Chris Maguire,19916,6.9,90,1,0,,0,0,0,32,0,66,1,0,0,0,0,0,0,0,2,0,0,0,0,Chris Maguire,Coventry City
272,168148,22,Sunderland,Will Grigg,19915,6.5,82,0,0,,0,0,0,9,0,60,0,0,0,0,0,0,0,0,0,1,0,0,0,Will Grigg,Coventry City
273,168148,19,Sunderland,Aiden McGeady,19907,7.3,90,4,2,,0,0,0,38,0,80,2,0,0,0,0,2,2,0,1,1,0,1,0,Aiden McGeady,Coventry City
274,168148,12,Sunderland,Tom Flanagan,19887,6.4,22,0,0,,0,0,0,8,0,72,0,0,0,0,0,0,0,0,0,1,0,0,0,Tom Flanagan,Coventry City
275,168148,31,Sunderland,Benjamin Mbunga-Kimpioka,19906,7.4,8,1,1,,0,0,1,2,0,66,0,0,0,0,0,0,0,0,0,1,0,0,0,Benjamin Mbunga-Kimpioka,Coventry City
276,168148,14,Sunderland,Duncan Watmore,19913,6.7,24,1,0,,0,0,0,11,1,100,0,0,1,0,0,1,1,0,0,1,0,0,0,Duncan Watmore,Coventry City
277,168003,16,Sunderland,Lee Burge,19977,6.3,90,0,0,,2,0,0,18,0,46,0,0,0,0,0,0,0,0,0,0,0,0,0,Lee Burge,Burton Albion
278,168003,2,Sunderland,Connor McLaughlin,19633,6.7,71,1,0,,0,0,0,25,1,67,3,0,1,0,0,0,0,1,0,0,0,0,0,Connor McLaughlin,Burton Albion
279,168003,4,Sunderland,Jordan Willis,19992,7.3,90,1,0,,0,0,0,39,0,73,2,2,2,0,0,0,0,0,1,1,0,0,0,Jordan Willis,Burton Albion
280,168003,3,Sunderland,Joel Lynch,19581,7.1,90,0,0,,0,0,0,33,0,63,2,1,6,0,0,0,0,0,0,1,0,0,0,Joel Lynch,Burton Albion
281,168003,33,Sunderland,Denver Hume,19888,6.4,90,0,0,,0,0,0,29,1,65,1,0,0,0,0,4,4,0,2,0,0,0,0,Denver Hume,Burton Albion
282,168003,6,Sunderland,Max Power,19912,6.9,90,1,0,,0,0,0,59,0,80,2,0,3,0,0,1,1,0,2,3,0,1,0,Max Power,Burton Albion
283,168003,23,Sunderland,Grant Leadbitter,19904,7,80,0,0,,0,0,0,38,1,79,0,0,1,0,0,0,0,1,1,0,0,0,0,Grant Leadbitter,Burton Albion
284,168003,14,Sunderland,Duncan Watmore,19913,6.6,90,3,2,,0,0,0,25,0,80,0,0,2,0,0,1,1,0,1,1,0,0,0,Duncan Watmore,Burton Albion
285,168003,13,Sunderland,Luke O'Nien,19911,7.4,90,2,2,,0,0,0,36,1,76,1,0,2,0,0,0,0,0,4,6,0,0,0,Luke O'Nien,Burton Albion
286,168003,19,Sunderland,Aiden McGeady,19907,7.2,90,1,1,,0,0,1,26,3,78,3,0,0,0,0,1,1,0,0,0,0,0,1,Aiden McGeady,Burton Albion
287,168003,22,Sunderland,Will Grigg,19915,6.5,90,0,0,,0,0,0,7,1,63,0,0,0,0,0,0,0,0,2,3,0,0,0,Will Grigg,Burton Albion
288,168003,31,Sunderland,Benjamin Mbunga-Kimpioka,19906,6.4,10,0,0,,0,0,0,2,0,40,0,0,0,0,0,0,0,0,0,0,0,0,0,Benjamin Mbunga-Kimpioka,Burton Albion
289,168003,7,Sunderland,Chris Maguire,19916,6.5,19,1,0,,0,0,0,9,0,69,0,0,0,0,0,0,0,0,0,0,0,0,0,Chris Maguire,Burton Albion
290,168172,1,Sunderland,Jon McLaughlin,19880,6.7,90,0,0,,1,0,0,10,0,50,1,0,0,0,0,0,0,0,0,0,0,0,0,Jon McLaughlin,Blackpool
291,168172,12,Sunderland,Tom Flanagan,19887,6.8,90,0,0,1,0,0,0,37,0,74,0,0,3,0,0,1,1,0,0,0,0,1,0,Tom Flanagan,Blackpool
292,168172,5,Sunderland,Alim Öztürk,19896,7.2,90,0,0,,0,0,0,46,0,88,2,0,1,0,0,0,0,0,0,0,0,0,0,Alim √ñzt√ºrk,Blackpool
293,168172,28,Sunderland,Laurens De Bock,8693,7.1,90,0,0,,0,0,0,38,0,76,4,1,2,0,0,0,0,1,0,1,0,0,0,Laurens De Bock,Blackpool
294,168172,13,Sunderland,Luke O'Nien,19911,6.6,90,0,0,,0,0,0,31,1,72,2,0,2,0,0,0,0,1,3,1,0,0,0,Luke O'Nien,Blackpool
295,168172,18,Sunderland,George Dobson,20436,5.6,74,0,0,,0,0,0,27,0,81,4,0,0,0,0,0,0,1,1,4,1,2,0,George Dobson,Blackpool
296,168172,6,Sunderland,Max Power,19912,6.7,90,0,0,,0,0,0,45,2,84,1,0,1,0,0,0,0,0,2,1,0,0,0,Max Power,Blackpool
297,168172,33,Sunderland,Denver Hume,19888,6.7,90,1,1,,0,0,0,20,1,71,0,0,0,0,0,2,1,0,2,1,0,0,0,Denver Hume,Blackpool
298,168172,14,Sunderland,Duncan Watmore,19913,6.2,72,1,0,3,0,0,0,19,0,82,0,0,0,0,0,0,0,0,1,0,0,0,0,Duncan Watmore,Blackpool
299,168172,9,Sunderland,Charlie Wyke,19918,7.5,78,4,1,,0,0,1,12,0,75,2,0,0,0,0,0,0,0,0,0,0,0,0,Charlie Wyke,Blackpool
300,168172,7,Sunderland,Chris Maguire,19916,7.3,84,1,0,,0,1,0,24,3,85,0,0,0,0,0,0,0,0,3,1,0,0,0,Chris Maguire,Blackpool
301,168172,23,Sunderland,Grant Leadbitter,19904,6.6,11,1,0,,0,0,0,0,0,0,0,1,0,0,0,0,0,0,0,0,0,0,0,Grant Leadbitter,Blackpool
302,168172,22,Sunderland,Will Grigg,19915,6.4,12,0,0,,0,0,0,0,0,0,0,0,0,0,0,0,0,0,0,0,0,0,0,Will Grigg,Blackpool
303,168172,11,Sunderland,Lynden Gooch,19901,6.3,18,0,0,,0,0,0,3,0,100,0,0,0,0,0,0,0,0,1,1,0,1,0,Lynden Gooch,Blackpool
304,168197,1,Sunderland,Jon McLaughlin,19880,7.3,90,0,0,,0,0,0,26,0,81,0,0,0,0,0,0,0,0,0,0,0,0,0,Jon McLaughlin,Bolton
305,168197,4,Sunderland,Jordan Willis,19992,7.5,90,0,0,,0,0,0,31,0,72,1,2,2,0,0,2,2,1,2,0,0,0,0,Jordan Willis,Bolton
306,168197,5,Sunderland,Alim Öztürk,19896,6.7,90,0,0,,0,0,0,33,0,67,1,0,1,0,0,0,0,0,0,1,0,0,0,Alim √ñzt√ºrk,Bolton
307,168197,12,Sunderland,Tom Flanagan,19887,7.3,73,1,0,,0,0,0,22,0,78,5,0,2,0,0,0,0,0,0,2,0,1,0,Tom Flanagan,Bolton
308,168197,13,Sunderland,Luke O'Nien,19911,7.4,90,3,1,1,0,0,0,24,1,75,2,0,1,0,0,0,0,1,4,2,0,0,0,Luke O'Nien,Bolton
309,168197,6,Sunderland,Max Power,19912,7.1,90,2,0,,0,0,0,49,0,79,2,0,1,0,0,0,0,1,2,0,0,0,0,Max Power,Bolton
310,168197,23,Sunderland,Grant Leadbitter,19904,7.3,90,0,0,,0,0,0,50,2,78,0,0,1,0,0,0,0,1,1,1,0,0,0,Grant Leadbitter,Bolton
311,168197,33,Sunderland,Denver Hume,19888,6.9,90,2,0,,0,0,0,25,3,73,1,0,1,0,0,4,3,3,4,1,0,1,0,Denver Hume,Bolton
312,168197,14,Sunderland,Duncan Watmore,19913,6.6,65,1,0,,0,0,0,15,1,88,0,0,0,0,0,3,2,0,0,1,0,0,0,Duncan Watmore,Bolton
313,168197,9,Sunderland,Charlie Wyke,19918,7,90,2,1,,0,0,0,15,2,78,0,0,0,0,0,0,0,0,1,4,0,0,0,Charlie Wyke,Bolton
314,168197,11,Sunderland,Lynden Gooch,19901,6.6,79,4,0,,0,0,0,14,1,82,0,0,0,0,0,2,2,2,4,0,0,0,0,Lynden Gooch,Bolton
315,168197,28,Sunderland,Laurens De Bock,8693,6.9,17,0,0,,0,0,0,13,0,92,1,0,0,0,0,0,0,0,0,0,0,0,0,Laurens De Bock,Bolton
316,168197,7,Sunderland,Chris Maguire,19916,6.6,25,3,1,,0,0,0,5,1,55,1,0,0,0,0,0,0,0,0,1,0,0,0,Chris Maguire,Bolton
317,168197,10,Sunderland,Marc McNulty,44853,6.7,11,1,1,,0,0,0,4,0,100,0,0,0,0,0,0,0,0,0,0,0,0,0,Marc McNulty,Bolton
318,168215,1,Sunderland,Jon McLaughlin,19880,7.1,90,0,0,,1,0,0,17,0,85,0,0,0,0,0,0,0,0,0,0,0,0,0,Jon McLaughlin,Fleetwood Town
319,168215,4,Sunderland,Jordan Willis,19992,6.6,67,0,0,,0,0,0,28,0,75,1,0,0,0,0,0,0,0,0,1,0,1,0,Jordan Willis,Fleetwood Town
320,168215,5,Sunderland,Alim Öztürk,19896,6.8,90,0,0,,0,0,0,40,0,83,2,1,1,0,0,0,0,1,0,1,0,0,0,Alim √ñzt√ºrk,Fleetwood Town
321,168215,3,Sunderland,Joel Lynch,19581,7.3,90,2,0,,0,0,0,32,1,56,2,0,2,0,0,0,0,0,1,1,0,0,0,Joel Lynch,Fleetwood Town
322,168215,13,Sunderland,Luke O'Nien,19911,7,90,2,0,,0,0,0,37,2,84,2,0,1,0,0,3,1,1,0,0,0,0,0,Luke O'Nien,Fleetwood Town
323,168215,18,Sunderland,George Dobson,20436,7.3,78,2,0,,0,0,0,32,1,82,3,1,0,0,0,1,1,1,2,2,0,1,0,George Dobson,Fleetwood Town
324,168215,6,Sunderland,Max Power,19912,7.2,90,0,0,,0,0,0,46,2,88,0,1,0,0,0,0,0,0,0,1,0,0,0,Max Power,Fleetwood Town
325,168215,33,Sunderland,Denver Hume,19888,6.6,90,2,0,,0,0,0,22,2,61,1,0,1,0,0,2,2,1,0,1,0,0,0,Denver Hume,Fleetwood Town
326,168215,7,Sunderland,Chris Maguire,19916,8.1,90,3,2,,0,0,1,36,4,78,3,1,0,0,0,2,2,1,2,0,0,0,1,Chris Maguire,Fleetwood Town
327,168215,9,Sunderland,Charlie Wyke,19918,7,90,3,1,,0,0,0,13,1,76,2,2,0,0,0,0,0,0,3,3,0,0,0,Charlie Wyke,Fleetwood Town
328,168215,11,Sunderland,Lynden Gooch,19901,7.2,90,3,0,,0,0,0,21,2,70,0,0,0,0,0,0,0,2,1,2,0,0,0,Lynden Gooch,Fleetwood Town
329,168215,10,Sunderland,Marc McNulty,44853,6.7,12,1,0,,0,0,0,1,0,100,0,0,0,0,0,0,0,0,0,0,0,0,0,Marc McNulty,Fleetwood Town
330,168215,14,Sunderland,Duncan Watmore,19913,6.8,23,2,0,,0,0,0,6,0,60,0,0,0,0,0,1,1,2,1,0,0,0,0,Duncan Watmore,Fleetwood Town
331,168202,1,Sunderland,Jon McLaughlin,19880,6.5,90,0,0,,1,0,0,8,0,26,0,0,0,0,0,0,0,0,1,0,0,0,0,Jon McLaughlin,Doncaster
332,168202,4,Sunderland,Jordan Willis,19992,6.8,90,0,0,,0,0,0,13,1,44,1,0,1,0,0,0,0,0,0,0,0,0,0,Jordan Willis,Doncaster
333,168202,5,Sunderland,Alim Öztürk,19896,6.9,90,0,0,,0,0,0,14,1,66,1,0,2,0,0,0,0,0,0,1,0,1,0,Alim √ñzt√ºrk,Doncaster
334,168202,3,Sunderland,Joel Lynch,19581,6.9,90,0,0,,0,0,0,24,0,57,2,0,3,0,0,0,0,0,1,2,0,1,0,Joel Lynch,Doncaster
335,168202,13,Sunderland,Luke O'Nien,19911,7.5,90,1,1,1,0,0,0,36,1,76,5,0,2,0,0,0,0,0,2,0,0,0,0,Luke O'Nien,Doncaster
336,168202,18,Sunderland,George Dobson,20436,6.8,90,1,0,,0,0,0,34,0,68,5,0,1,0,0,1,0,1,1,0,0,0,0,George Dobson,Doncaster
337,168202,6,Sunderland,Max Power,19912,6.4,90,0,0,,0,0,0,32,1,76,0,0,0,0,0,0,0,1,0,0,0,0,0,Max Power,Doncaster
338,168202,33,Sunderland,Denver Hume,19888,6.4,90,0,0,,0,1,0,18,1,64,0,0,1,0,0,1,1,0,0,1,0,0,0,Denver Hume,Doncaster
339,168202,7,Sunderland,Chris Maguire,19916,8.7,90,4,2,,0,1,1,29,2,64,1,0,0,0,0,0,0,0,3,2,0,1,0,Chris Maguire,Doncaster
340,168202,9,Sunderland,Charlie Wyke,19918,6.7,90,4,1,1,0,0,0,22,1,62,1,0,0,0,0,0,0,0,4,7,0,0,0,Charlie Wyke,Doncaster
341,168202,11,Sunderland,Lynden Gooch,19901,7.1,80,1,1,,0,0,1,18,1,62,1,0,0,0,0,1,1,1,0,0,0,1,0,Lynden Gooch,Doncaster
342,168202,14,Sunderland,Duncan Watmore,19913,6.6,10,0,0,,0,0,0,1,0,50,0,0,0,0,0,1,1,0,0,0,0,0,0,Duncan Watmore,Doncaster
343,168233,1,Sunderland,Jon McLaughlin,19880,6.7,90,0,0,,1,1,0,16,1,80,0,0,0,0,0,0,0,0,0,0,0,0,0,Jon McLaughlin,Lincoln City
344,168233,4,Sunderland,Jordan Willis,19992,6.6,90,1,1,,0,0,0,32,0,68,1,1,0,0,0,0,0,1,1,0,0,0,0,Jordan Willis,Lincoln City
345,168233,5,Sunderland,Alim Öztürk,19896,6.9,90,0,0,,0,0,0,39,0,84,1,0,2,0,0,0,0,0,1,1,0,0,0,Alim √ñzt√ºrk,Lincoln City
346,168233,12,Sunderland,Tom Flanagan,19887,7.5,90,2,1,,0,0,1,33,0,60,0,2,3,0,0,1,1,1,1,0,0,0,0,Tom Flanagan,Lincoln City
347,168233,13,Sunderland,Luke O'Nien,19911,7.2,90,2,0,,0,0,0,36,1,80,2,1,1,0,0,1,1,2,4,4,0,1,0,Luke O'Nien,Lincoln City
348,168233,18,Sunderland,George Dobson,20436,7.2,90,0,0,,0,0,0,54,1,93,7,0,1,0,0,1,0,1,1,4,0,0,0,George Dobson,Lincoln City
349,168233,6,Sunderland,Max Power,19912,7.4,90,2,0,,0,0,0,63,1,90,3,0,1,0,0,2,1,1,1,1,0,0,0,Max Power,Lincoln City
350,168233,33,Sunderland,Denver Hume,19888,6.7,90,1,0,,0,0,0,25,2,78,1,0,1,0,0,2,1,1,0,0,0,0,0,Denver Hume,Lincoln City
351,168233,7,Sunderland,Chris Maguire,19916,7.4,64,2,1,,0,1,0,20,3,80,1,0,1,0,0,3,2,1,0,1,0,0,0,Chris Maguire,Lincoln City
352,168233,9,Sunderland,Charlie Wyke,19918,6.9,90,2,1,,0,0,0,16,0,66,2,0,0,0,0,0,0,0,2,3,0,0,0,Charlie Wyke,Lincoln City
353,168233,11,Sunderland,Lynden Gooch,19901,8.3,89,1,1,,0,0,1,18,0,62,1,0,0,0,0,1,0,1,1,0,0,0,0,Lynden Gooch,Lincoln City
354,168233,23,Sunderland,Grant Leadbitter,19904,–,1,1,0,,0,0,0,0,0,0,0,0,0,0,0,0,0,0,0,0,0,0,0,Grant Leadbitter,Lincoln City
355,168233,14,Sunderland,Duncan Watmore,19913,6.5,26,0,0,,0,0,0,4,0,66,1,0,0,0,0,2,1,0,0,0,0,0,0,Duncan Watmore,Lincoln City
356,168245,1,Sunderland,Jon McLaughlin,19880,8.2,90,0,0,,0,0,0,14,0,43,0,0,0,0,0,0,0,0,0,0,0,0,0,Jon McLaughlin,Wycombe
357,168245,4,Sunderland,Jordan Willis,19992,7.6,90,2,0,,0,1,0,16,3,53,0,0,0,0,0,1,1,0,2,1,0,0,0,Jordan Willis,Wycombe
358,168245,5,Sunderland,Alim Öztürk,19896,7.4,90,0,0,,0,0,0,22,1,78,1,1,1,0,0,0,0,0,1,0,0,0,0,Alim √ñzt√ºrk,Wycombe
359,168245,12,Sunderland,Tom Flanagan,19887,7.2,45,1,1,,0,0,0,11,0,73,1,1,0,0,0,0,0,0,2,1,0,0,0,Tom Flanagan,Wycombe
360,168245,13,Sunderland,Luke O'Nien,19911,7.1,90,0,0,1,0,0,0,23,2,67,2,0,1,0,0,0,0,0,2,2,0,0,0,Luke O'Nien,Wycombe
361,168245,18,Sunderland,George Dobson,20436,7.3,90,0,0,,0,0,0,31,0,67,3,0,1,0,0,2,2,0,2,1,0,0,0,George Dobson,Wycombe
362,168245,6,Sunderland,Max Power,19912,6.7,90,0,0,,0,0,0,29,0,82,0,1,2,0,0,0,0,1,1,1,0,0,0,Max Power,Wycombe
363,168245,33,Sunderland,Denver Hume,19888,7,90,2,1,,0,0,1,18,0,62,2,0,0,0,0,0,0,1,0,0,0,0,0,Denver Hume,Wycombe
364,168245,7,Sunderland,Chris Maguire,19916,8.9,90,4,2,1,0,0,2,25,3,78,1,0,0,0,0,1,1,0,2,1,0,1,1,Chris Maguire,Wycombe
365,168245,9,Sunderland,Charlie Wyke,19918,7.5,90,4,1,1,0,0,1,16,3,57,0,0,0,0,0,0,0,1,1,5,0,0,0,Charlie Wyke,Wycombe
366,168245,11,Sunderland,Lynden Gooch,19901,8.1,85,4,1,,0,1,0,11,2,68,0,1,0,0,0,0,0,0,4,2,0,0,0,Lynden Gooch,Wycombe
367,168245,3,Sunderland,Joel Lynch,19581,6.8,45,0,0,,0,0,0,6,0,54,0,2,0,0,0,0,0,0,1,3,0,1,0,Joel Lynch,Wycombe
368,168245,10,Sunderland,Marc McNulty,44853,6.5,9,0,0,,0,0,0,1,0,100,0,0,0,0,0,0,0,0,0,0,0,0,0,Marc McNulty,Wycombe
369,168269,1,Sunderland,Jon McLaughlin,19880,7.2,90,0,0,,0,0,0,25,0,65,0,0,0,0,0,0,0,0,0,0,0,0,0,Jon McLaughlin,Doncaster
370,168269,4,Sunderland,Jordan Willis,19992,7,90,0,0,,0,0,0,26,1,65,1,0,2,0,0,1,0,0,1,0,0,0,0,Jordan Willis,Doncaster
371,168269,5,Sunderland,Alim Öztürk,19896,7.3,90,0,0,,0,0,0,34,0,91,0,0,1,0,0,0,0,1,1,1,0,1,0,Alim √ñzt√ºrk,Doncaster
372,168269,3,Sunderland,Joel Lynch,19581,7,90,1,0,,0,0,0,30,0,60,0,2,1,0,0,0,0,1,0,0,0,0,0,Joel Lynch,Doncaster
373,168269,13,Sunderland,Luke O'Nien,19911,7.7,90,2,1,,0,0,0,37,2,74,4,0,1,0,0,2,0,0,1,0,0,0,0,Luke O'Nien,Doncaster
374,168269,18,Sunderland,George Dobson,20436,7,90,1,0,,0,0,0,38,0,79,6,0,1,0,0,0,0,2,0,0,0,0,0,George Dobson,Doncaster
375,168269,6,Sunderland,Max Power,19912,6.4,90,3,0,,0,0,0,49,0,79,0,0,1,0,0,1,1,2,1,1,0,0,0,Max Power,Doncaster
376,168269,33,Sunderland,Denver Hume,19888,6.8,90,0,0,,0,0,0,39,0,81,0,0,2,0,0,3,2,0,3,0,0,0,0,Denver Hume,Doncaster
377,168269,7,Sunderland,Chris Maguire,19916,7.3,72,2,0,,0,0,0,17,2,81,0,0,0,0,0,3,2,0,1,1,0,0,0,Chris Maguire,Doncaster
378,168269,9,Sunderland,Charlie Wyke,19918,6.8,72,1,0,,0,0,0,12,0,50,0,0,0,0,0,0,0,0,1,1,0,1,0,Charlie Wyke,Doncaster
379,168269,11,Sunderland,Lynden Gooch,19901,6.6,90,0,0,,0,0,0,23,1,85,1,0,1,0,0,3,2,1,2,1,0,0,0,Lynden Gooch,Doncaster
380,168269,8,Sunderland,Kyle Lafferty,1759,6.8,18,0,0,,0,0,0,6,0,75,0,0,0,0,0,0,0,0,1,0,0,0,0,Kyle Lafferty,Doncaster
381,168269,14,Sunderland,Duncan Watmore,19913,6.6,18,2,2,,0,0,0,5,0,100,0,0,0,0,0,2,0,0,0,0,0,0,0,Duncan Watmore,Doncaster
382,168279,1,Sunderland,Jon McLaughlin,19880,7.1,90,0,0,,0,0,0,8,0,38,0,0,0,0,0,0,0,0,0,0,0,0,0,Jon McLaughlin,Tranmere Rovers
383,168279,4,Sunderland,Jordan Willis,19992,7.1,90,0,0,,0,0,0,12,0,46,1,1,1,0,0,0,0,0,0,0,0,0,0,Jordan Willis,Tranmere Rovers
384,168279,26,Sunderland,Bailey Wright,19266,7,90,2,0,,0,0,0,11,0,55,1,2,1,0,0,0,0,1,1,1,0,0,0,Bailey Wright,Tranmere Rovers
385,168279,3,Sunderland,Joel Lynch,19581,6.7,90,0,0,1,0,0,0,15,1,39,1,0,3,0,0,0,0,0,1,3,0,1,0,Joel Lynch,Tranmere Rovers
386,168279,13,Sunderland,Luke O'Nien,19911,7.2,90,0,0,,0,0,0,28,1,58,1,0,2,0,0,1,1,1,3,0,0,0,0,Luke O'Nien,Tranmere Rovers
387,168279,18,Sunderland,George Dobson,20436,7,90,0,0,,0,0,0,34,1,73,3,0,0,0,0,1,1,0,2,2,0,1,0,George Dobson,Tranmere Rovers
388,168279,6,Sunderland,Max Power,19912,7,90,0,0,,0,0,0,20,0,64,3,1,0,0,0,0,0,0,1,0,0,0,0,Max Power,Tranmere Rovers
389,168279,33,Sunderland,Denver Hume,19888,6.8,90,0,0,,0,0,0,13,1,76,1,0,0,0,0,0,0,0,1,0,0,0,0,Denver Hume,Tranmere Rovers
390,168279,7,Sunderland,Chris Maguire,19916,7.1,89,0,0,,0,1,0,23,1,76,5,0,0,0,0,1,0,1,1,3,0,1,0,Chris Maguire,Tranmere Rovers
391,168279,9,Sunderland,Charlie Wyke,19918,6.9,90,1,1,,0,0,1,13,0,61,1,0,0,0,0,0,0,1,2,4,0,0,0,Charlie Wyke,Tranmere Rovers
392,168279,11,Sunderland,Lynden Gooch,19901,6.5,90,2,0,,0,0,0,15,0,71,0,0,0,0,0,1,1,0,0,1,0,0,0,Lynden Gooch,Tranmere Rovers
393,168279,28,Sunderland,Josh Scowen,19589,–,1,0,0,,0,0,0,2,0,66,0,0,0,0,0,0,0,0,0,0,0,0,0,Josh Scowen,Tranmere Rovers
394,168290,1,Sunderland,Jon McLaughlin,19880,6.4,90,0,0,,2,0,0,14,0,41,0,0,0,0,0,0,0,0,0,0,0,0,0,Jon McLaughlin,Portsmouth
395,168290,4,Sunderland,Jordan Willis,19992,6,90,0,0,,0,0,0,19,0,48,1,0,1,0,0,1,0,1,2,0,0,0,0,Jordan Willis,Portsmouth
396,168290,26,Sunderland,Bailey Wright,19266,6.4,90,0,0,,0,0,0,12,0,38,2,1,1,0,0,0,0,1,1,1,0,0,0,Bailey Wright,Portsmouth
397,168290,3,Sunderland,Joel Lynch,19581,6.6,90,0,0,,0,0,0,13,1,48,1,1,1,0,0,1,1,0,1,3,0,0,0,Joel Lynch,Portsmouth
398,168290,13,Sunderland,Luke O'Nien,19911,7.1,90,2,1,,0,0,0,19,0,57,1,0,2,0,0,0,0,0,0,3,0,0,0,Luke O'Nien,Portsmouth
399,168290,18,Sunderland,George Dobson,20436,6.8,90,0,0,,0,0,0,30,0,75,2,2,2,0,0,1,1,2,0,2,0,1,0,George Dobson,Portsmouth
400,168290,6,Sunderland,Max Power,19912,6.3,90,0,0,,0,0,0,26,1,78,0,0,2,0,0,0,0,2,0,2,0,0,0,Max Power,Portsmouth
401,168290,33,Sunderland,Denver Hume,19888,6.1,69,0,0,,0,0,0,12,1,54,0,0,1,0,0,0,0,0,0,1,0,0,0,Denver Hume,Portsmouth
402,168290,7,Sunderland,Chris Maguire,19916,6.8,69,1,0,,0,0,0,21,0,67,1,0,0,0,0,1,1,2,2,0,0,0,0,Chris Maguire,Portsmouth
403,168290,9,Sunderland,Charlie Wyke,19918,6.5,45,1,1,,0,0,0,5,0,71,0,0,0,0,0,0,0,0,0,0,0,0,0,Charlie Wyke,Portsmouth
404,168290,11,Sunderland,Lynden Gooch,19901,6.5,90,0,0,,0,0,0,25,0,78,0,0,0,0,0,1,1,1,3,0,0,1,0,Lynden Gooch,Portsmouth
405,168290,42,Sunderland,Antoine Semenyo,19281,6.1,21,0,0,,0,0,0,1,1,100,0,0,0,0,0,1,0,1,0,1,0,1,0,Antoine Semenyo,Portsmouth
406,168290,8,Sunderland,Kyle Lafferty,1759,6.5,45,0,0,1,0,0,0,5,0,71,0,0,0,0,0,0,0,0,1,1,0,0,0,Kyle Lafferty,Portsmouth
407,168290,14,Sunderland,Duncan Watmore,19913,6.6,21,1,0,1,0,0,0,3,0,100,0,0,0,0,0,3,2,0,0,0,0,0,0,Duncan Watmore,Portsmouth
408,168303,1,Sunderland,Jon McLaughlin,19880,7.2,90,0,0,,0,0,0,18,0,62,0,0,0,0,0,0,0,0,0,1,0,0,0,Jon McLaughlin,Ipswich Town
409,168303,4,Sunderland,Jordan Willis,19992,7.4,90,1,0,,0,0,0,21,0,51,1,2,0,0,0,1,1,0,1,0,0,0,0,Jordan Willis,Ipswich Town
410,168303,26,Sunderland,Bailey Wright,19266,7,90,1,0,,0,0,0,17,0,60,0,1,1,0,0,1,1,0,0,2,0,0,0,Bailey Wright,Ipswich Town
411,168303,12,Sunderland,Tom Flanagan,19887,6.9,90,0,0,,0,0,0,22,0,57,2,0,0,0,0,0,0,1,0,1,0,1,0,Tom Flanagan,Ipswich Town
412,168303,13,Sunderland,Luke O'Nien,19911,7,90,1,0,,0,0,0,38,1,73,1,1,2,0,0,1,0,0,3,2,0,1,0,Luke O'Nien,Ipswich Town
413,168303,18,Sunderland,George Dobson,20436,7.1,90,1,0,,0,0,0,37,1,86,1,0,0,0,0,1,1,1,1,0,0,0,0,George Dobson,Ipswich Town
414,168303,6,Sunderland,Max Power,19912,6.6,90,3,1,,0,0,0,23,0,69,1,0,0,0,0,1,1,3,0,0,0,0,0,Max Power,Ipswich Town
415,168303,33,Sunderland,Denver Hume,19888,7.2,79,2,0,,0,0,0,11,1,55,0,1,1,0,0,0,0,0,0,0,0,0,0,Denver Hume,Ipswich Town
416,168303,7,Sunderland,Chris Maguire,19916,8.2,90,4,1,,0,0,1,38,3,76,4,0,2,0,0,1,1,0,3,2,0,0,0,Chris Maguire,Ipswich Town
417,168303,9,Sunderland,Charlie Wyke,19918,6.7,90,1,1,2,0,0,0,18,0,72,0,0,0,0,0,0,0,1,2,2,0,0,0,Charlie Wyke,Ipswich Town
418,168303,11,Sunderland,Lynden Gooch,19901,7.1,89,1,0,,0,0,0,21,1,77,1,0,1,0,0,3,3,1,1,1,0,0,0,Lynden Gooch,Ipswich Town
419,168303,2,Sunderland,Connor McLaughlin,19633,–,1,0,0,,0,0,0,0,0,0,0,0,0,0,0,0,0,0,0,0,0,0,0,Connor McLaughlin,Ipswich Town
420,168303,8,Sunderland,Kyle Lafferty,1759,6.9,11,0,0,,0,1,0,2,1,50,0,0,0,0,0,1,1,0,0,0,0,0,0,Kyle Lafferty,Ipswich Town
421,168315,1,Sunderland,Jon McLaughlin,19880,7.1,90,0,0,,0,0,0,12,0,66,0,0,0,0,0,0,0,0,0,0,0,0,0,Jon McLaughlin,Rochdale
422,168315,4,Sunderland,Jordan Willis,19992,6.9,90,0,0,,0,0,0,47,0,83,0,0,1,0,0,0,0,0,0,0,0,0,0,Jordan Willis,Rochdale
423,168315,26,Sunderland,Bailey Wright,19266,7.4,90,1,0,,0,0,0,46,0,93,1,0,0,0,0,0,0,0,1,0,0,0,0,Bailey Wright,Rochdale
424,168315,12,Sunderland,Tom Flanagan,19887,7.3,90,0,0,,0,0,0,57,0,86,3,0,3,0,0,0,0,1,1,0,0,0,0,Tom Flanagan,Rochdale
425,168315,13,Sunderland,Luke O'Nien,19911,7.5,90,4,3,1,0,0,0,55,2,78,3,0,1,0,0,1,1,2,3,3,0,0,0,Luke O'Nien,Rochdale
426,168315,18,Sunderland,George Dobson,20436,7,90,0,0,,0,0,0,50,0,89,3,0,1,0,0,0,0,2,0,1,0,0,0,George Dobson,Rochdale
427,168315,6,Sunderland,Max Power,19912,7.1,90,1,0,,0,0,0,53,0,96,1,0,1,0,0,0,0,0,1,0,0,0,0,Max Power,Rochdale
428,168315,33,Sunderland,Denver Hume,19888,6.6,90,0,0,1,0,0,0,38,0,76,0,0,0,0,0,1,1,0,1,0,0,0,0,Denver Hume,Rochdale
429,168315,7,Sunderland,Chris Maguire,19916,8.1,72,0,0,,0,1,0,30,4,75,0,0,0,0,0,5,5,3,1,1,0,0,0,Chris Maguire,Rochdale
430,168315,9,Sunderland,Charlie Wyke,19918,6.6,85,1,0,,0,0,0,12,1,80,0,0,0,0,0,0,0,0,0,2,0,0,0,Charlie Wyke,Rochdale
431,168315,11,Sunderland,Lynden Gooch,19901,8.6,78,5,3,,0,0,2,17,0,68,0,0,0,0,0,2,1,0,1,0,0,0,0,Lynden Gooch,Rochdale
432,168315,42,Sunderland,Antoine Semenyo,19281,6.4,18,0,0,,0,0,0,6,0,75,1,0,0,0,0,0,0,1,0,1,0,0,0,Antoine Semenyo,Rochdale
433,168315,8,Sunderland,Kyle Lafferty,1759,6.5,9,0,0,,0,0,0,0,0,0,0,0,0,0,0,0,0,0,0,0,0,0,0,Kyle Lafferty,Rochdale
434,168315,14,Sunderland,Duncan Watmore,19913,6.5,12,0,0,,0,0,0,3,0,75,0,0,0,0,0,0,0,0,0,0,0,0,0,Duncan Watmore,Rochdale
435,167939,,Sunderland,,19281,,,,,,,,,,,,,,,,,,,,,,,,,Antoine Semenyo,Ipswich Town
436,167939,,Sunderland,,19266,,,,,,,,,,,,,,,,,,,,,,,,,Bailey Wright,Ipswich Town
437,167939,,Sunderland,,19906,,,,,,,,,,,,,,,,,,,,,,,,,Benjamin Mbunga-Kimpioka,Ipswich Town
438,167939,,Sunderland,,19918,,,,,,,,,,,,,,,,,,,,,,,,,Charlie Wyke,Ipswich Town
439,167939,,Sunderland,,19913,,,,,,,,,,,,,,,,,,,,,,,,,Duncan Watmore,Ipswich Town
440,167939,,Sunderland,,19904,,,,,,,,,,,,,,,,,,,,,,,,,Grant Leadbitter,Ipswich Town
441,167939,,Sunderland,,19581,,,,,,,,,,,,,,,,,,,,,,,,,Joel Lynch,Ipswich Town
442,167939,,Sunderland,,19589,,,,,,,,,,,,,,,,,,,,,,,,,Josh Scowen,Ipswich Town
443,167939,,Sunderland,,1759,,,,,,,,,,,,,,,,,,,,,,,,,Kyle Lafferty,Ipswich Town
444,167939,,Sunderland,,8693,,,,,,,,,,,,,,,,,,,,,,,,,Laurens De Bock,Ipswich Town
445,167939,,Sunderland,,19977,,,,,,,,,,,,,,,,,,,,,,,,,Lee Burge,Ipswich Town
446,167939,,Sunderland,,19912,,,,,,,,,,,,,,,,,,,,,,,,,Max Power,Ipswich Town
447,167939,,Sunderland,,17838,,,,,,,,,,,,,,,,,,,,,,,,,Elliot Embleton,Ipswich Town
448,167955,,Sunderland,,19281,,,,,,,,,,,,,,,,,,,,,,,,,Antoine Semenyo,Portsmouth
449,167955,,Sunderland,,19266,,,,,,,,,,,,,,,,,,,,,,,,,Bailey Wright,Portsmouth
450,167955,,Sunderland,,19906,,,,,,,,,,,,,,,,,,,,,,,,,Benjamin Mbunga-Kimpioka,Portsmouth
451,167955,,Sunderland,,19913,,,,,,,,,,,,,,,,,,,,,,,,,Duncan Watmore,Portsmouth
452,167955,,Sunderland,,20436,,,,,,,,,,,,,,,,,,,,,,,,,George Dobson,Portsmouth
453,167955,,Sunderland,,19581,,,,,,,,,,,,,,,,,,,,,,,,,Joel Lynch,Portsmouth
454,167955,,Sunderland,,19589,,,,,,,,,,,,,,,,,,,,,,,,,Josh Scowen,Portsmouth
455,167955,,Sunderland,,1759,,,,,,,,,,,,,,,,,,,,,,,,,Kyle Lafferty,Portsmouth
456,167955,,Sunderland,,8693,,,,,,,,,,,,,,,,,,,,,,,,,Laurens De Bock,Portsmouth
457,167955,,Sunderland,,19977,,,,,,,,,,,,,,,,,,,,,,,,,Lee Burge,Portsmouth
458,167955,,Sunderland,,19887,,,,,,,,,,,,,,,,,,,,,,,,,Tom Flanagan,Portsmouth
459,167955,,Sunderland,,19908,,,,,,,,,,,,,,,,,,,,,,,,,Dylan McGeouch,Portsmouth
460,167955,,Sunderland,,17838,,,,,,,,,,,,,,,,,,,,,,,,,Elliot Embleton,Portsmouth
461,167966,,Sunderland,,19281,,,,,,,,,,,,,,,,,,,,,,,,,Antoine Semenyo,Rochdale
462,167966,,Sunderland,,19266,,,,,,,,,,,,,,,,,,,,,,,,,Bailey Wright,Rochdale
463,167966,,Sunderland,,19906,,,,,,,,,,,,,,,,,,,,,,,,,Benjamin Mbunga-Kimpioka,Rochdale
464,167966,,Sunderland,,19888,,,,,,,,,,,,,,,,,,,,,,,,,Denver Hume,Rochdale
465,167966,,Sunderland,,19913,,,,,,,,,,,,,,,,,,,,,,,,,Duncan Watmore,Rochdale
466,167966,,Sunderland,,20436,,,,,,,,,,,,,,,,,,,,,,,,,George Dobson,Rochdale
467,167966,,Sunderland,,19581,,,,,,,,,,,,,,,,,,,,,,,,,Joel Lynch,Rochdale
468,167966,,Sunderland,,19589,,,,,,,,,,,,,,,,,,,,,,,,,Josh Scowen,Rochdale
469,167966,,Sunderland,,1759,,,,,,,,,,,,,,,,,,,,,,,,,Kyle Lafferty,Rochdale
470,167966,,Sunderland,,8693,,,,,,,,,,,,,,,,,,,,,,,,,Laurens De Bock,Rochdale
471,167966,,Sunderland,,19977,,,,,,,,,,,,,,,,,,,,,,,,,Lee Burge,Rochdale
472,167966,,Sunderland,,44853,,,,,,,,,,,,,,,,,,,,,,,,,Marc McNulty,Rochdale
473,167966,,Sunderland,,19887,,,,,,,,,,,,,,,,,,,,,,,,,Tom Flanagan,Rochdale
474,167979,,Sunderland,,19281,,,,,,,,,,,,,,,,,,,,,,,,,Antoine Semenyo,AFC Wimbledon
475,167979,,Sunderland,,19266,,,,,,,,,,,,,,,,,,,,,,,,,Bailey Wright,AFC Wimbledon
476,167979,,Sunderland,,19906,,,,,,,,,,,,,,,,,,,,,,,,,Benjamin Mbunga-Kimpioka,AFC Wimbledon
477,167979,,Sunderland,,19633,,,,,,,,,,,,,,,,,,,,,,,,,Connor McLaughlin,AFC Wimbledon
478,167979,,Sunderland,,19913,,,,,,,,,,,,,,,,,,,,,,,,,Duncan Watmore,AFC Wimbledon
479,167979,,Sunderland,,19581,,,,,,,,,,,,,,,,,,,,,,,,,Joel Lynch,AFC Wimbledon
480,167979,,Sunderland,,19589,,,,,,,,,,,,,,,,,,,,,,,,,Josh Scowen,AFC Wimbledon
481,167979,,Sunderland,,1759,,,,,,,,,,,,,,,,,,,,,,,,,Kyle Lafferty,AFC Wimbledon
482,167979,,Sunderland,,8693,,,,,,,,,,,,,,,,,,,,,,,,,Laurens De Bock,AFC Wimbledon
483,167979,,Sunderland,,19977,,,,,,,,,,,,,,,,,,,,,,,,,Lee Burge,AFC Wimbledon
484,167979,,Sunderland,,44853,,,,,,,,,,,,,,,,,,,,,,,,,Marc McNulty,AFC Wimbledon
485,167979,,Sunderland,,19887,,,,,,,,,,,,,,,,,,,,,,,,,Tom Flanagan,AFC Wimbledon
486,167979,,Sunderland,,17838,,,,,,,,,,,,,,,,,,,,,,,,,Elliot Embleton,AFC Wimbledon
487,167991,,Sunderland,,19281,,,,,,,,,,,,,,,,,,,,,,,,,Antoine Semenyo,P'borough Utd
488,167991,,Sunderland,,19266,,,,,,,,,,,,,,,,,,,,,,,,,Bailey Wright,P'borough Utd
489,167991,,Sunderland,,19906,,,,,,,,,,,,,,,,,,,,,,,,,Benjamin Mbunga-Kimpioka,P'borough Utd
490,167991,,Sunderland,,19916,,,,,,,,,,,,,,,,,,,,,,,,,Chris Maguire,P'borough Utd
491,167991,,Sunderland,,19888,,,,,,,,,,,,,,,,,,,,,,,,,Denver Hume,P'borough Utd
492,167991,,Sunderland,,19913,,,,,,,,,,,,,,,,,,,,,,,,,Duncan Watmore,P'borough Utd
493,167991,,Sunderland,,19581,,,,,,,,,,,,,,,,,,,,,,,,,Joel Lynch,P'borough Utd
494,167991,,Sunderland,,19589,,,,,,,,,,,,,,,,,,,,,,,,,Josh Scowen,P'borough Utd
495,167991,,Sunderland,,1759,,,,,,,,,,,,,,,,,,,,,,,,,Kyle Lafferty,P'borough Utd
496,167991,,Sunderland,,8693,,,,,,,,,,,,,,,,,,,,,,,,,Laurens De Bock,P'borough Utd
497,167991,,Sunderland,,19977,,,,,,,,,,,,,,,,,,,,,,,,,Lee Burge,P'borough Utd
498,167991,,Sunderland,,19908,,,,,,,,,,,,,,,,,,,,,,,,,Dylan McGeouch,P'borough Utd
499,167991,,Sunderland,,17838,,,,,,,,,,,,,,,,,,,,,,,,,Elliot Embleton,P'borough Utd
500,168007,,Sunderland,,19281,,,,,,,,,,,,,,,,,,,,,,,,,Antoine Semenyo,Acc'ton Stanley
501,168007,,Sunderland,,19266,,,,,,,,,,,,,,,,,,,,,,,,,Bailey Wright,Acc'ton Stanley
502,168007,,Sunderland,,19906,,,,,,,,,,,,,,,,,,,,,,,,,Benjamin Mbunga-Kimpioka,Acc'ton Stanley
503,168007,,Sunderland,,19918,,,,,,,,,,,,,,,,,,,,,,,,,Charlie Wyke,Acc'ton Stanley
504,168007,,Sunderland,,19633,,,,,,,,,,,,,,,,,,,,,,,,,Connor McLaughlin,Acc'ton Stanley
505,168007,,Sunderland,,19913,,,,,,,,,,,,,,,,,,,,,,,,,Duncan Watmore,Acc'ton Stanley
506,168007,,Sunderland,,19581,,,,,,,,,,,,,,,,,,,,,,,,,Joel Lynch,Acc'ton Stanley
507,168007,,Sunderland,,19589,,,,,,,,,,,,,,,,,,,,,,,,,Josh Scowen,Acc'ton Stanley
508,168007,,Sunderland,,1759,,,,,,,,,,,,,,,,,,,,,,,,,Kyle Lafferty,Acc'ton Stanley
509,168007,,Sunderland,,8693,,,,,,,,,,,,,,,,,,,,,,,,,Laurens De Bock,Acc'ton Stanley
510,168007,,Sunderland,,19977,,,,,,,,,,,,,,,,,,,,,,,,,Lee Burge,Acc'ton Stanley
511,168007,,Sunderland,,19912,,,,,,,,,,,,,,,,,,,,,,,,,Max Power,Acc'ton Stanley
512,168007,,Sunderland,,19887,,,,,,,,,,,,,,,,,,,,,,,,,Tom Flanagan,Acc'ton Stanley
513,168026,,Sunderland,,19281,,,,,,,,,,,,,,,,,,,,,,,,,Antoine Semenyo,Rotherham Utd
514,168026,,Sunderland,,19266,,,,,,,,,,,,,,,,,,,,,,,,,Bailey Wright,Rotherham Utd
515,168026,,Sunderland,,19906,,,,,,,,,,,,,,,,,,,,,,,,,Benjamin Mbunga-Kimpioka,Rotherham Utd
516,168026,,Sunderland,,19913,,,,,,,,,,,,,,,,,,,,,,,,,Duncan Watmore,Rotherham Utd
517,168026,,Sunderland,,19904,,,,,,,,,,,,,,,,,,,,,,,,,Grant Leadbitter,Rotherham Utd
518,168026,,Sunderland,,19581,,,,,,,,,,,,,,,,,,,,,,,,,Joel Lynch,Rotherham Utd
519,168026,,Sunderland,,19589,,,,,,,,,,,,,,,,,,,,,,,,,Josh Scowen,Rotherham Utd
520,168026,,Sunderland,,1759,,,,,,,,,,,,,,,,,,,,,,,,,Kyle Lafferty,Rotherham Utd
521,168026,,Sunderland,,8693,,,,,,,,,,,,,,,,,,,,,,,,,Laurens De Bock,Rotherham Utd
522,168026,,Sunderland,,19977,,,,,,,,,,,,,,,,,,,,,,,,,Lee Burge,Rotherham Utd
523,168026,,Sunderland,,19912,,,,,,,,,,,,,,,,,,,,,,,,,Max Power,Rotherham Utd
524,168026,,Sunderland,,19887,,,,,,,,,,,,,,,,,,,,,,,,,Tom Flanagan,Rotherham Utd
525,168026,,Sunderland,,17838,,,,,,,,,,,,,,,,,,,,,,,,,Elliot Embleton,Rotherham Utd
526,168032,,Sunderland,,19896,,,,,,,,,,,,,,,,,,,,,,,,,Alim √ñzt√ºrk,Bolton
527,168032,,Sunderland,,19281,,,,,,,,,,,,,,,,,,,,,,,,,Antoine Semenyo,Bolton
528,168032,,Sunderland,,19266,,,,,,,,,,,,,,,,,,,,,,,,,Bailey Wright,Bolton
529,168032,,Sunderland,,19906,,,,,,,,,,,,,,,,,,,,,,,,,Benjamin Mbunga-Kimpioka,Bolton
530,168032,,Sunderland,,19913,,,,,,,,,,,,,,,,,,,,,,,,,Duncan Watmore,Bolton
531,168032,,Sunderland,,19581,,,,,,,,,,,,,,,,,,,,,,,,,Joel Lynch,Bolton
532,168032,,Sunderland,,19589,,,,,,,,,,,,,,,,,,,,,,,,,Josh Scowen,Bolton
533,168032,,Sunderland,,1759,,,,,,,,,,,,,,,,,,,,,,,,,Kyle Lafferty,Bolton
534,168032,,Sunderland,,8693,,,,,,,,,,,,,,,,,,,,,,,,,Laurens De Bock,Bolton
535,168032,,Sunderland,,19977,,,,,,,,,,,,,,,,,,,,,,,,,Lee Burge,Bolton
536,168032,,Sunderland,,44853,,,,,,,,,,,,,,,,,,,,,,,,,Marc McNulty,Bolton
537,168032,,Sunderland,,19908,,,,,,,,,,,,,,,,,,,,,,,,,Dylan McGeouch,Bolton
538,168032,,Sunderland,,17838,,,,,,,,,,,,,,,,,,,,,,,,,Elliot Embleton,Bolton
539,168053,,Sunderland,,19896,,,,,,,,,,,,,,,,,,,,,,,,,Alim √ñzt√ºrk,MK Dons
540,168053,,Sunderland,,19281,,,,,,,,,,,,,,,,,,,,,,,,,Antoine Semenyo,MK Dons
541,168053,,Sunderland,,19266,,,,,,,,,,,,,,,,,,,,,,,,,Bailey Wright,MK Dons
542,168053,,Sunderland,,19906,,,,,,,,,,,,,,,,,,,,,,,,,Benjamin Mbunga-Kimpioka,MK Dons
543,168053,,Sunderland,,19913,,,,,,,,,,,,,,,,,,,,,,,,,Duncan Watmore,MK Dons
544,168053,,Sunderland,,19904,,,,,,,,,,,,,,,,,,,,,,,,,Grant Leadbitter,MK Dons
545,168053,,Sunderland,,19589,,,,,,,,,,,,,,,,,,,,,,,,,Josh Scowen,MK Dons
546,168053,,Sunderland,,1759,,,,,,,,,,,,,,,,,,,,,,,,,Kyle Lafferty,MK Dons
547,168053,,Sunderland,,19977,,,,,,,,,,,,,,,,,,,,,,,,,Lee Burge,MK Dons
548,168053,,Sunderland,,44853,,,,,,,,,,,,,,,,,,,,,,,,,Marc McNulty,MK Dons
549,168053,,Sunderland,,19887,,,,,,,,,,,,,,,,,,,,,,,,,Tom Flanagan,MK Dons
550,168053,,Sunderland,,19907,,,,,,,,,,,,,,,,,,,,,,,,,Aiden McGeady,MK Dons
551,168053,,Sunderland,,17838,,,,,,,,,,,,,,,,,,,,,,,,,Elliot Embleton,MK Dons
552,168061,,Sunderland,,19896,,,,,,,,,,,,,,,,,,,,,,,,,Alim √ñzt√ºrk,Lincoln City
553,168061,,Sunderland,,19281,,,,,,,,,,,,,,,,,,,,,,,,,Antoine Semenyo,Lincoln City
554,168061,,Sunderland,,19266,,,,,,,,,,,,,,,,,,,,,,,,,Bailey Wright,Lincoln City
555,168061,,Sunderland,,19906,,,,,,,,,,,,,,,,,,,,,,,,,Benjamin Mbunga-Kimpioka,Lincoln City
556,168061,,Sunderland,,19888,,,,,,,,,,,,,,,,,,,,,,,,,Denver Hume,Lincoln City
557,168061,,Sunderland,,19913,,,,,,,,,,,,,,,,,,,,,,,,,Duncan Watmore,Lincoln City
558,168061,,Sunderland,,20436,,,,,,,,,,,,,,,,,,,,,,,,,George Dobson,Lincoln City
559,168061,,Sunderland,,19904,,,,,,,,,,,,,,,,,,,,,,,,,Grant Leadbitter,Lincoln City
560,168061,,Sunderland,,19589,,,,,,,,,,,,,,,,,,,,,,,,,Josh Scowen,Lincoln City
561,168061,,Sunderland,,1759,,,,,,,,,,,,,,,,,,,,,,,,,Kyle Lafferty,Lincoln City
562,168061,,Sunderland,,19977,,,,,,,,,,,,,,,,,,,,,,,,,Lee Burge,Lincoln City
563,168061,,Sunderland,,19887,,,,,,,,,,,,,,,,,,,,,,,,,Tom Flanagan,Lincoln City
564,168061,,Sunderland,,17838,,,,,,,,,,,,,,,,,,,,,,,,,Elliot Embleton,Lincoln City
565,168089,,Sunderland,,19896,,,,,,,,,,,,,,,,,,,,,,,,,Alim √ñzt√ºrk,Wycombe
566,168089,,Sunderland,,19281,,,,,,,,,,,,,,,,,,,,,,,,,Antoine Semenyo,Wycombe
567,168089,,Sunderland,,19266,,,,,,,,,,,,,,,,,,,,,,,,,Bailey Wright,Wycombe
568,168089,,Sunderland,,19906,,,,,,,,,,,,,,,,,,,,,,,,,Benjamin Mbunga-Kimpioka,Wycombe
569,168089,,Sunderland,,20436,,,,,,,,,,,,,,,,,,,,,,,,,George Dobson,Wycombe
570,168089,,Sunderland,,19880,,,,,,,,,,,,,,,,,,,,,,,,,Jon McLaughlin,Wycombe
571,168089,,Sunderland,,19589,,,,,,,,,,,,,,,,,,,,,,,,,Josh Scowen,Wycombe
572,168089,,Sunderland,,1759,,,,,,,,,,,,,,,,,,,,,,,,,Kyle Lafferty,Wycombe
573,168089,,Sunderland,,8693,,,,,,,,,,,,,,,,,,,,,,,,,Laurens De Bock,Wycombe
574,168089,,Sunderland,,19901,,,,,,,,,,,,,,,,,,,,,,,,,Lynden Gooch,Wycombe
575,168089,,Sunderland,,19887,,,,,,,,,,,,,,,,,,,,,,,,,Tom Flanagan,Wycombe
576,168089,,Sunderland,,19908,,,,,,,,,,,,,,,,,,,,,,,,,Dylan McGeouch,Wycombe
577,168089,,Sunderland,,17838,,,,,,,,,,,,,,,,,,,,,,,,,Elliot Embleton,Wycombe
578,168100,,Sunderland,,19896,,,,,,,,,,,,,,,,,,,,,,,,,Alim √ñzt√ºrk,Tranmere Rovers
579,168100,,Sunderland,,19281,,,,,,,,,,,,,,,,,,,,,,,,,Antoine Semenyo,Tranmere Rovers
580,168100,,Sunderland,,19266,,,,,,,,,,,,,,,,,,,,,,,,,Bailey Wright,Tranmere Rovers
581,168100,,Sunderland,,19918,,,,,,,,,,,,,,,,,,,,,,,,,Charlie Wyke,Tranmere Rovers
582,168100,,Sunderland,,19904,,,,,,,,,,,,,,,,,,,,,,,,,Grant Leadbitter,Tranmere Rovers
583,168100,,Sunderland,,19880,,,,,,,,,,,,,,,,,,,,,,,,,Jon McLaughlin,Tranmere Rovers
584,168100,,Sunderland,,19589,,,,,,,,,,,,,,,,,,,,,,,,,Josh Scowen,Tranmere Rovers
585,168100,,Sunderland,,1759,,,,,,,,,,,,,,,,,,,,,,,,,Kyle Lafferty,Tranmere Rovers
586,168100,,Sunderland,,8693,,,,,,,,,,,,,,,,,,,,,,,,,Laurens De Bock,Tranmere Rovers
587,168100,,Sunderland,,19887,,,,,,,,,,,,,,,,,,,,,,,,,Tom Flanagan,Tranmere Rovers
588,168100,,Sunderland,,19908,,,,,,,,,,,,,,,,,,,,,,,,,Dylan McGeouch,Tranmere Rovers
589,168100,,Sunderland,,19907,,,,,,,,,,,,,,,,,,,,,,,,,Aiden McGeady,Tranmere Rovers
590,168100,,Sunderland,,17838,,,,,,,,,,,,,,,,,,,,,,,,,Elliot Embleton,Tranmere Rovers
591,168111,,Sunderland,,19896,,,,,,,,,,,,,,,,,,,,,,,,,Alim √ñzt√ºrk,Shrewsbury
592,168111,,Sunderland,,19281,,,,,,,,,,,,,,,,,,,,,,,,,Antoine Semenyo,Shrewsbury
593,168111,,Sunderland,,19266,,,,,,,,,,,,,,,,,,,,,,,,,Bailey Wright,Shrewsbury
594,168111,,Sunderland,,19918,,,,,,,,,,,,,,,,,,,,,,,,,Charlie Wyke,Shrewsbury
595,168111,,Sunderland,,19633,,,,,,,,,,,,,,,,,,,,,,,,,Connor McLaughlin,Shrewsbury
596,168111,,Sunderland,,19904,,,,,,,,,,,,,,,,,,,,,,,,,Grant Leadbitter,Shrewsbury
597,168111,,Sunderland,,19589,,,,,,,,,,,,,,,,,,,,,,,,,Josh Scowen,Shrewsbury
598,168111,,Sunderland,,1759,,,,,,,,,,,,,,,,,,,,,,,,,Kyle Lafferty,Shrewsbury
599,168111,,Sunderland,,8693,,,,,,,,,,,,,,,,,,,,,,,,,Laurens De Bock,Shrewsbury
600,168111,,Sunderland,,19901,,,,,,,,,,,,,,,,,,,,,,,,,Lynden Gooch,Shrewsbury
601,168111,,Sunderland,,19887,,,,,,,,,,,,,,,,,,,,,,,,,Tom Flanagan,Shrewsbury
602,168111,,Sunderland,,19908,,,,,,,,,,,,,,,,,,,,,,,,,Dylan McGeouch,Shrewsbury
603,168111,,Sunderland,,17838,,,,,,,,,,,,,,,,,,,,,,,,,Elliot Embleton,Shrewsbury
604,168124,,Sunderland,,19896,,,,,,,,,,,,,,,,,,,,,,,,,Alim √ñzt√ºrk,Southend United
605,168124,,Sunderland,,19281,,,,,,,,,,,,,,,,,,,,,,,,,Antoine Semenyo,Southend United
606,168124,,Sunderland,,19266,,,,,,,,,,,,,,,,,,,,,,,,,Bailey Wright,Southend United
607,168124,,Sunderland,,19906,,,,,,,,,,,,,,,,,,,,,,,,,Benjamin Mbunga-Kimpioka,Southend United
608,168124,,Sunderland,,19918,,,,,,,,,,,,,,,,,,,,,,,,,Charlie Wyke,Southend United
609,168124,,Sunderland,,19589,,,,,,,,,,,,,,,,,,,,,,,,,Josh Scowen,Southend United
610,168124,,Sunderland,,1759,,,,,,,,,,,,,,,,,,,,,,,,,Kyle Lafferty,Southend United
611,168124,,Sunderland,,8693,,,,,,,,,,,,,,,,,,,,,,,,,Laurens De Bock,Southend United
612,168124,,Sunderland,,19977,,,,,,,,,,,,,,,,,,,,,,,,,Lee Burge,Southend United
613,168124,,Sunderland,,19901,,,,,,,,,,,,,,,,,,,,,,,,,Lynden Gooch,Southend United
614,168124,,Sunderland,,19887,,,,,,,,,,,,,,,,,,,,,,,,,Tom Flanagan,Southend United
615,168124,,Sunderland,,19908,,,,,,,,,,,,,,,,,,,,,,,,,Dylan McGeouch,Southend United
616,168124,,Sunderland,,17838,,,,,,,,,,,,,,,,,,,,,,,,,Elliot Embleton,Southend United
617,168148,,Sunderland,,19896,,,,,,,,,,,,,,,,,,,,,,,,,Alim √ñzt√ºrk,Coventry City
618,168148,,Sunderland,,19281,,,,,,,,,,,,,,,,,,,,,,,,,Antoine Semenyo,Coventry City
619,168148,,Sunderland,,19266,,,,,,,,,,,,,,,,,,,,,,,,,Bailey Wright,Coventry City
620,168148,,Sunderland,,19918,,,,,,,,,,,,,,,,,,,,,,,,,Charlie Wyke,Coventry City
621,168148,,Sunderland,,19633,,,,,,,,,,,,,,,,,,,,,,,,,Connor McLaughlin,Coventry City
622,168148,,Sunderland,,19880,,,,,,,,,,,,,,,,,,,,,,,,,Jon McLaughlin,Coventry City
623,168148,,Sunderland,,19589,,,,,,,,,,,,,,,,,,,,,,,,,Josh Scowen,Coventry City
624,168148,,Sunderland,,1759,,,,,,,,,,,,,,,,,,,,,,,,,Kyle Lafferty,Coventry City
625,168148,,Sunderland,,8693,,,,,,,,,,,,,,,,,,,,,,,,,Laurens De Bock,Coventry City
626,168148,,Sunderland,,19901,,,,,,,,,,,,,,,,,,,,,,,,,Lynden Gooch,Coventry City
627,168148,,Sunderland,,44853,,,,,,,,,,,,,,,,,,,,,,,,,Marc McNulty,Coventry City
628,168148,,Sunderland,,19908,,,,,,,,,,,,,,,,,,,,,,,,,Dylan McGeouch,Coventry City
629,168148,,Sunderland,,17838,,,,,,,,,,,,,,,,,,,,,,,,,Elliot Embleton,Coventry City
630,168003,,Sunderland,,19896,,,,,,,,,,,,,,,,,,,,,,,,,Alim √ñzt√ºrk,Burton Albion
631,168003,,Sunderland,,19281,,,,,,,,,,,,,,,,,,,,,,,,,Antoine Semenyo,Burton Albion
632,168003,,Sunderland,,19266,,,,,,,,,,,,,,,,,,,,,,,,,Bailey Wright,Burton Albion
633,168003,,Sunderland,,19918,,,,,,,,,,,,,,,,,,,,,,,,,Charlie Wyke,Burton Albion
634,168003,,Sunderland,,20436,,,,,,,,,,,,,,,,,,,,,,,,,George Dobson,Burton Albion
635,168003,,Sunderland,,19880,,,,,,,,,,,,,,,,,,,,,,,,,Jon McLaughlin,Burton Albion
636,168003,,Sunderland,,19589,,,,,,,,,,,,,,,,,,,,,,,,,Josh Scowen,Burton Albion
637,168003,,Sunderland,,1759,,,,,,,,,,,,,,,,,,,,,,,,,Kyle Lafferty,Burton Albion
638,168003,,Sunderland,,8693,,,,,,,,,,,,,,,,,,,,,,,,,Laurens De Bock,Burton Albion
639,168003,,Sunderland,,19901,,,,,,,,,,,,,,,,,,,,,,,,,Lynden Gooch,Burton Albion
640,168003,,Sunderland,,44853,,,,,,,,,,,,,,,,,,,,,,,,,Marc McNulty,Burton Albion
641,168003,,Sunderland,,19887,,,,,,,,,,,,,,,,,,,,,,,,,Tom Flanagan,Burton Albion
642,168003,,Sunderland,,19908,,,,,,,,,,,,,,,,,,,,,,,,,Dylan McGeouch,Burton Albion
643,168157,,Sunderland,,17838,,,,,,,,,,,,,,,,,,,,,,,,,Elliot Embleton,Gillingham
644,168157,,Sunderland,,17838,,,,,,,,,,,,,,,,,,,,,,,,,Elliot Embleton,Gillingham
645,168157,,Sunderland,,19281,,,,,,,,,,,,,,,,,,,,,,,,,Antoine Semenyo,Gillingham
646,168157,,Sunderland,,19266,,,,,,,,,,,,,,,,,,,,,,,,,Bailey Wright,Gillingham
647,168157,,Sunderland,,19906,,,,,,,,,,,,,,,,,,,,,,,,,Benjamin Mbunga-Kimpioka,Gillingham
648,168157,,Sunderland,,19888,,,,,,,,,,,,,,,,,,,,,,,,,Denver Hume,Gillingham
649,168157,,Sunderland,,19913,,,,,,,,,,,,,,,,,,,,,,,,,Duncan Watmore,Gillingham
650,168157,,Sunderland,,19581,,,,,,,,,,,,,,,,,,,,,,,,,Joel Lynch,Gillingham
651,168157,,Sunderland,,19589,,,,,,,,,,,,,,,,,,,,,,,,,Josh Scowen,Gillingham
652,168157,,Sunderland,,1759,,,,,,,,,,,,,,,,,,,,,,,,,Kyle Lafferty,Gillingham
653,168157,,Sunderland,,19977,,,,,,,,,,,,,,,,,,,,,,,,,Lee Burge,Gillingham
654,168157,,Sunderland,,19901,,,,,,,,,,,,,,,,,,,,,,,,,Lynden Gooch,Gillingham
655,168157,,Sunderland,,19912,,,,,,,,,,,,,,,,,,,,,,,,,Max Power,Gillingham
656,168157,,Sunderland,,19908,,,,,,,,,,,,,,,,,,,,,,,,,Dylan McGeouch,Gillingham
657,168157,,Sunderland,,19907,,,,,,,,,,,,,,,,,,,,,,,,,Aiden McGeady,Gillingham
658,168172,,Sunderland,,19281,,,,,,,,,,,,,,,,,,,,,,,,,Antoine Semenyo,Blackpool
659,168172,,Sunderland,,19266,,,,,,,,,,,,,,,,,,,,,,,,,Bailey Wright,Blackpool
660,168172,,Sunderland,,19906,,,,,,,,,,,,,,,,,,,,,,,,,Benjamin Mbunga-Kimpioka,Blackpool
661,168172,,Sunderland,,19633,,,,,,,,,,,,,,,,,,,,,,,,,Connor McLaughlin,Blackpool
662,168172,,Sunderland,,19581,,,,,,,,,,,,,,,,,,,,,,,,,Joel Lynch,Blackpool
663,168172,,Sunderland,,19992,,,,,,,,,,,,,,,,,,,,,,,,,Jordan Willis,Blackpool
664,168172,,Sunderland,,19589,,,,,,,,,,,,,,,,,,,,,,,,,Josh Scowen,Blackpool
665,168172,,Sunderland,,1759,,,,,,,,,,,,,,,,,,,,,,,,,Kyle Lafferty,Blackpool
666,168172,,Sunderland,,19977,,,,,,,,,,,,,,,,,,,,,,,,,Lee Burge,Blackpool
667,168172,,Sunderland,,44853,,,,,,,,,,,,,,,,,,,,,,,,,Marc McNulty,Blackpool
668,168172,,Sunderland,,19908,,,,,,,,,,,,,,,,,,,,,,,,,Dylan McGeouch,Blackpool
669,168172,,Sunderland,,19907,,,,,,,,,,,,,,,,,,,,,,,,,Aiden McGeady,Blackpool
670,168197,,Sunderland,,17838,,,,,,,,,,,,,,,,,,,,,,,,,Elliot Embleton,Bolton
671,168197,,Sunderland,,17838,,,,,,,,,,,,,,,,,,,,,,,,,Elliot Embleton,Bolton
672,168197,,Sunderland,,19281,,,,,,,,,,,,,,,,,,,,,,,,,Antoine Semenyo,Bolton
673,168197,,Sunderland,,19266,,,,,,,,,,,,,,,,,,,,,,,,,Bailey Wright,Bolton
674,168197,,Sunderland,,19906,,,,,,,,,,,,,,,,,,,,,,,,,Benjamin Mbunga-Kimpioka,Bolton
675,168197,,Sunderland,,19633,,,,,,,,,,,,,,,,,,,,,,,,,Connor McLaughlin,Bolton
676,168197,,Sunderland,,20436,,,,,,,,,,,,,,,,,,,,,,,,,George Dobson,Bolton
677,168197,,Sunderland,,19581,,,,,,,,,,,,,,,,,,,,,,,,,Joel Lynch,Bolton
678,168197,,Sunderland,,19589,,,,,,,,,,,,,,,,,,,,,,,,,Josh Scowen,Bolton
679,168197,,Sunderland,,1759,,,,,,,,,,,,,,,,,,,,,,,,,Kyle Lafferty,Bolton
680,168197,,Sunderland,,19977,,,,,,,,,,,,,,,,,,,,,,,,,Lee Burge,Bolton
681,168197,,Sunderland,,19915,,,,,,,,,,,,,,,,,,,,,,,,,Will Grigg,Bolton
682,168197,,Sunderland,,19908,,,,,,,,,,,,,,,,,,,,,,,,,Dylan McGeouch,Bolton
683,168197,,Sunderland,,19907,,,,,,,,,,,,,,,,,,,,,,,,,Aiden McGeady,Bolton
684,168202,,Sunderland,,19281,,,,,,,,,,,,,,,,,,,,,,,,,Antoine Semenyo,Doncaster
685,168202,,Sunderland,,19266,,,,,,,,,,,,,,,,,,,,,,,,,Bailey Wright,Doncaster
686,168202,,Sunderland,,19906,,,,,,,,,,,,,,,,,,,,,,,,,Benjamin Mbunga-Kimpioka,Doncaster
687,168202,,Sunderland,,19633,,,,,,,,,,,,,,,,,,,,,,,,,Connor McLaughlin,Doncaster
688,168202,,Sunderland,,19904,,,,,,,,,,,,,,,,,,,,,,,,,Grant Leadbitter,Doncaster
689,168202,,Sunderland,,19589,,,,,,,,,,,,,,,,,,,,,,,,,Josh Scowen,Doncaster
690,168202,,Sunderland,,1759,,,,,,,,,,,,,,,,,,,,,,,,,Kyle Lafferty,Doncaster
691,168202,,Sunderland,,8693,,,,,,,,,,,,,,,,,,,,,,,,,Laurens De Bock,Doncaster
692,168202,,Sunderland,,19977,,,,,,,,,,,,,,,,,,,,,,,,,Lee Burge,Doncaster
693,168202,,Sunderland,,44853,,,,,,,,,,,,,,,,,,,,,,,,,Marc McNulty,Doncaster
694,168202,,Sunderland,,19887,,,,,,,,,,,,,,,,,,,,,,,,,Tom Flanagan,Doncaster
695,168202,,Sunderland,,19915,,,,,,,,,,,,,,,,,,,,,,,,,Will Grigg,Doncaster
696,168202,,Sunderland,,19908,,,,,,,,,,,,,,,,,,,,,,,,,Dylan McGeouch,Doncaster
697,168202,,Sunderland,,19907,,,,,,,,,,,,,,,,,,,,,,,,,Aiden McGeady,Doncaster
698,168202,,Sunderland,,17838,,,,,,,,,,,,,,,,,,,,,,,,,Elliot Embleton,Doncaster
699,168215,,Sunderland,,19281,,,,,,,,,,,,,,,,,,,,,,,,,Antoine Semenyo,Fleetwood Town
700,168215,,Sunderland,,19266,,,,,,,,,,,,,,,,,,,,,,,,,Bailey Wright,Fleetwood Town
701,168215,,Sunderland,,19906,,,,,,,,,,,,,,,,,,,,,,,,,Benjamin Mbunga-Kimpioka,Fleetwood Town
702,168215,,Sunderland,,19633,,,,,,,,,,,,,,,,,,,,,,,,,Connor McLaughlin,Fleetwood Town
703,168215,,Sunderland,,19904,,,,,,,,,,,,,,,,,,,,,,,,,Grant Leadbitter,Fleetwood Town
704,168215,,Sunderland,,19589,,,,,,,,,,,,,,,,,,,,,,,,,Josh Scowen,Fleetwood Town
705,168215,,Sunderland,,1759,,,,,,,,,,,,,,,,,,,,,,,,,Kyle Lafferty,Fleetwood Town
706,168215,,Sunderland,,8693,,,,,,,,,,,,,,,,,,,,,,,,,Laurens De Bock,Fleetwood Town
707,168215,,Sunderland,,19977,,,,,,,,,,,,,,,,,,,,,,,,,Lee Burge,Fleetwood Town
708,168215,,Sunderland,,19887,,,,,,,,,,,,,,,,,,,,,,,,,Tom Flanagan,Fleetwood Town
709,168215,,Sunderland,,19915,,,,,,,,,,,,,,,,,,,,,,,,,Will Grigg,Fleetwood Town
710,168215,,Sunderland,,19908,,,,,,,,,,,,,,,,,,,,,,,,,Dylan McGeouch,Fleetwood Town
711,168215,,Sunderland,,19907,,,,,,,,,,,,,,,,,,,,,,,,,Aiden McGeady,Fleetwood Town
712,168215,,Sunderland,,17838,,,,,,,,,,,,,,,,,,,,,,,,,Elliot Embleton,Fleetwood Town
713,168233,,Sunderland,,19281,,,,,,,,,,,,,,,,,,,,,,,,,Antoine Semenyo,Lincoln City
714,168233,,Sunderland,,19266,,,,,,,,,,,,,,,,,,,,,,,,,Bailey Wright,Lincoln City
715,168233,,Sunderland,,19906,,,,,,,,,,,,,,,,,,,,,,,,,Benjamin Mbunga-Kimpioka,Lincoln City
716,168233,,Sunderland,,19633,,,,,,,,,,,,,,,,,,,,,,,,,Connor McLaughlin,Lincoln City
717,168233,,Sunderland,,19581,,,,,,,,,,,,,,,,,,,,,,,,,Joel Lynch,Lincoln City
718,168233,,Sunderland,,19589,,,,,,,,,,,,,,,,,,,,,,,,,Josh Scowen,Lincoln City
719,168233,,Sunderland,,1759,,,,,,,,,,,,,,,,,,,,,,,,,Kyle Lafferty,Lincoln City
720,168233,,Sunderland,,8693,,,,,,,,,,,,,,,,,,,,,,,,,Laurens De Bock,Lincoln City
721,168233,,Sunderland,,19977,,,,,,,,,,,,,,,,,,,,,,,,,Lee Burge,Lincoln City
722,168233,,Sunderland,,44853,,,,,,,,,,,,,,,,,,,,,,,,,Marc McNulty,Lincoln City
723,168233,,Sunderland,,19915,,,,,,,,,,,,,,,,,,,,,,,,,Will Grigg,Lincoln City
724,168233,,Sunderland,,19908,,,,,,,,,,,,,,,,,,,,,,,,,Dylan McGeouch,Lincoln City
725,168233,,Sunderland,,19907,,,,,,,,,,,,,,,,,,,,,,,,,Aiden McGeady,Lincoln City
726,168233,,Sunderland,,17838,,,,,,,,,,,,,,,,,,,,,,,,,Elliot Embleton,Lincoln City
727,168245,,Sunderland,,19281,,,,,,,,,,,,,,,,,,,,,,,,,Antoine Semenyo,Wycombe
728,168245,,Sunderland,,19266,,,,,,,,,,,,,,,,,,,,,,,,,Bailey Wright,Wycombe
729,168245,,Sunderland,,19906,,,,,,,,,,,,,,,,,,,,,,,,,Benjamin Mbunga-Kimpioka,Wycombe
730,168245,,Sunderland,,19633,,,,,,,,,,,,,,,,,,,,,,,,,Connor McLaughlin,Wycombe
731,168245,,Sunderland,,19913,,,,,,,,,,,,,,,,,,,,,,,,,Duncan Watmore,Wycombe
732,168245,,Sunderland,,19904,,,,,,,,,,,,,,,,,,,,,,,,,Grant Leadbitter,Wycombe
733,168245,,Sunderland,,19589,,,,,,,,,,,,,,,,,,,,,,,,,Josh Scowen,Wycombe
734,168245,,Sunderland,,1759,,,,,,,,,,,,,,,,,,,,,,,,,Kyle Lafferty,Wycombe
735,168245,,Sunderland,,8693,,,,,,,,,,,,,,,,,,,,,,,,,Laurens De Bock,Wycombe
736,168245,,Sunderland,,19977,,,,,,,,,,,,,,,,,,,,,,,,,Lee Burge,Wycombe
737,168245,,Sunderland,,19915,,,,,,,,,,,,,,,,,,,,,,,,,Will Grigg,Wycombe
738,168245,,Sunderland,,19908,,,,,,,,,,,,,,,,,,,,,,,,,Dylan McGeouch,Wycombe
739,168245,,Sunderland,,19907,,,,,,,,,,,,,,,,,,,,,,,,,Aiden McGeady,Wycombe
740,168245,,Sunderland,,17838,,,,,,,,,,,,,,,,,,,,,,,,,Elliot Embleton,Wycombe
741,168254,,Sunderland,,19281,,,,,,,,,,,,,,,,,,,,,,,,,Antoine Semenyo,MK Dons
742,168254,,Sunderland,,19266,,,,,,,,,,,,,,,,,,,,,,,,,Bailey Wright,MK Dons
743,168254,,Sunderland,,19906,,,,,,,,,,,,,,,,,,,,,,,,,Benjamin Mbunga-Kimpioka,MK Dons
744,168254,,Sunderland,,19633,,,,,,,,,,,,,,,,,,,,,,,,,Connor McLaughlin,MK Dons
745,168254,,Sunderland,,19913,,,,,,,,,,,,,,,,,,,,,,,,,Duncan Watmore,MK Dons
746,168254,,Sunderland,,19904,,,,,,,,,,,,,,,,,,,,,,,,,Grant Leadbitter,MK Dons
747,168254,,Sunderland,,19589,,,,,,,,,,,,,,,,,,,,,,,,,Josh Scowen,MK Dons
748,168254,,Sunderland,,8693,,,,,,,,,,,,,,,,,,,,,,,,,Laurens De Bock,MK Dons
749,168254,,Sunderland,,19977,,,,,,,,,,,,,,,,,,,,,,,,,Lee Burge,MK Dons
750,168254,,Sunderland,,44853,,,,,,,,,,,,,,,,,,,,,,,,,Marc McNulty,MK Dons
751,168254,,Sunderland,,19887,,,,,,,,,,,,,,,,,,,,,,,,,Tom Flanagan,MK Dons
752,168254,,Sunderland,,19915,,,,,,,,,,,,,,,,,,,,,,,,,Will Grigg,MK Dons
753,168254,,Sunderland,,19908,,,,,,,,,,,,,,,,,,,,,,,,,Dylan McGeouch,MK Dons
754,168254,,Sunderland,,19907,,,,,,,,,,,,,,,,,,,,,,,,,Aiden McGeady,MK Dons
755,168254,,Sunderland,,17838,,,,,,,,,,,,,,,,,,,,,,,,,Elliot Embleton,MK Dons
756,168269,,Sunderland,,19281,,,,,,,,,,,,,,,,,,,,,,,,,Antoine Semenyo,Doncaster
757,168269,,Sunderland,,19266,,,,,,,,,,,,,,,,,,,,,,,,,Bailey Wright,Doncaster
758,168269,,Sunderland,,19906,,,,,,,,,,,,,,,,,,,,,,,,,Benjamin Mbunga-Kimpioka,Doncaster
759,168269,,Sunderland,,19633,,,,,,,,,,,,,,,,,,,,,,,,,Connor McLaughlin,Doncaster
760,168269,,Sunderland,,19904,,,,,,,,,,,,,,,,,,,,,,,,,Grant Leadbitter,Doncaster
761,168269,,Sunderland,,19589,,,,,,,,,,,,,,,,,,,,,,,,,Josh Scowen,Doncaster
762,168269,,Sunderland,,8693,,,,,,,,,,,,,,,,,,,,,,,,,Laurens De Bock,Doncaster
763,168269,,Sunderland,,19977,,,,,,,,,,,,,,,,,,,,,,,,,Lee Burge,Doncaster
764,168269,,Sunderland,,44853,,,,,,,,,,,,,,,,,,,,,,,,,Marc McNulty,Doncaster
765,168269,,Sunderland,,19887,,,,,,,,,,,,,,,,,,,,,,,,,Tom Flanagan,Doncaster
766,168269,,Sunderland,,19915,,,,,,,,,,,,,,,,,,,,,,,,,Will Grigg,Doncaster
767,168269,,Sunderland,,19908,,,,,,,,,,,,,,,,,,,,,,,,,Dylan McGeouch,Doncaster
768,168269,,Sunderland,,19907,,,,,,,,,,,,,,,,,,,,,,,,,Aiden McGeady,Doncaster
769,168269,,Sunderland,,17838,,,,,,,,,,,,,,,,,,,,,,,,,Elliot Embleton,Doncaster
770,168279,,Sunderland,,19896,,,,,,,,,,,,,,,,,,,,,,,,,Alim √ñzt√ºrk,Tranmere Rovers
771,168279,,Sunderland,,19281,,,,,,,,,,,,,,,,,,,,,,,,,Antoine Semenyo,Tranmere Rovers
772,168279,,Sunderland,,19906,,,,,,,,,,,,,,,,,,,,,,,,,Benjamin Mbunga-Kimpioka,Tranmere Rovers
773,168279,,Sunderland,,19633,,,,,,,,,,,,,,,,,,,,,,,,,Connor McLaughlin,Tranmere Rovers
774,168279,,Sunderland,,19913,,,,,,,,,,,,,,,,,,,,,,,,,Duncan Watmore,Tranmere Rovers
775,168279,,Sunderland,,19904,,,,,,,,,,,,,,,,,,,,,,,,,Grant Leadbitter,Tranmere Rovers
776,168279,,Sunderland,,1759,,,,,,,,,,,,,,,,,,,,,,,,,Kyle Lafferty,Tranmere Rovers
777,168279,,Sunderland,,8693,,,,,,,,,,,,,,,,,,,,,,,,,Laurens De Bock,Tranmere Rovers
778,168279,,Sunderland,,19977,,,,,,,,,,,,,,,,,,,,,,,,,Lee Burge,Tranmere Rovers
779,168279,,Sunderland,,44853,,,,,,,,,,,,,,,,,,,,,,,,,Marc McNulty,Tranmere Rovers
780,168279,,Sunderland,,19887,,,,,,,,,,,,,,,,,,,,,,,,,Tom Flanagan,Tranmere Rovers
781,168279,,Sunderland,,19915,,,,,,,,,,,,,,,,,,,,,,,,,Will Grigg,Tranmere Rovers
782,168279,,Sunderland,,19908,,,,,,,,,,,,,,,,,,,,,,,,,Dylan McGeouch,Tranmere Rovers
783,168279,,Sunderland,,19907,,,,,,,,,,,,,,,,,,,,,,,,,Aiden McGeady,Tranmere Rovers
784,168279,,Sunderland,,17838,,,,,,,,,,,,,,,,,,,,,,,,,Elliot Embleton,Tranmere Rovers
785,168290,,Sunderland,,19896,,,,,,,,,,,,,,,,,,,,,,,,,Alim √ñzt√ºrk,Portsmouth
786,168290,,Sunderland,,19906,,,,,,,,,,,,,,,,,,,,,,,,,Benjamin Mbunga-Kimpioka,Portsmouth
787,168290,,Sunderland,,19633,,,,,,,,,,,,,,,,,,,,,,,,,Connor McLaughlin,Portsmouth
788,168290,,Sunderland,,19904,,,,,,,,,,,,,,,,,,,,,,,,,Grant Leadbitter,Portsmouth
789,168290,,Sunderland,,19589,,,,,,,,,,,,,,,,,,,,,,,,,Josh Scowen,Portsmouth
790,168290,,Sunderland,,8693,,,,,,,,,,,,,,,,,,,,,,,,,Laurens De Bock,Portsmouth
791,168290,,Sunderland,,19977,,,,,,,,,,,,,,,,,,,,,,,,,Lee Burge,Portsmouth
792,168290,,Sunderland,,44853,,,,,,,,,,,,,,,,,,,,,,,,,Marc McNulty,Portsmouth
793,168290,,Sunderland,,19887,,,,,,,,,,,,,,,,,,,,,,,,,Tom Flanagan,Portsmouth
794,168290,,Sunderland,,19915,,,,,,,,,,,,,,,,,,,,,,,,,Will Grigg,Portsmouth
795,168290,,Sunderland,,19908,,,,,,,,,,,,,,,,,,,,,,,,,Dylan McGeouch,Portsmouth
796,168290,,Sunderland,,19907,,,,,,,,,,,,,,,,,,,,,,,,,Aiden McGeady,Portsmouth
797,168290,,Sunderland,,17838,,,,,,,,,,,,,,,,,,,,,,,,,Elliot Embleton,Portsmouth
798,168303,,Sunderland,,19896,,,,,,,,,,,,,,,,,,,,,,,,,Alim √ñzt√ºrk,Ipswich Town
799,168303,,Sunderland,,19281,,,,,,,,,,,,,,,,,,,,,,,,,Antoine Semenyo,Ipswich Town
800,168303,,Sunderland,,19906,,,,,,,,,,,,,,,,,,,,,,,,,Benjamin Mbunga-Kimpioka,Ipswich Town
801,168303,,Sunderland,,19913,,,,,,,,,,,,,,,,,,,,,,,,,Duncan Watmore,Ipswich Town
802,168303,,Sunderland,,19904,,,,,,,,,,,,,,,,,,,,,,,,,Grant Leadbitter,Ipswich Town
803,168303,,Sunderland,,19581,,,,,,,,,,,,,,,,,,,,,,,,,Joel Lynch,Ipswich Town
804,168303,,Sunderland,,19589,,,,,,,,,,,,,,,,,,,,,,,,,Josh Scowen,Ipswich Town
805,168303,,Sunderland,,8693,,,,,,,,,,,,,,,,,,,,,,,,,Laurens De Bock,Ipswich Town
806,168303,,Sunderland,,19977,,,,,,,,,,,,,,,,,,,,,,,,,Lee Burge,Ipswich Town
807,168303,,Sunderland,,44853,,,,,,,,,,,,,,,,,,,,,,,,,Marc McNulty,Ipswich Town
808,168303,,Sunderland,,19915,,,,,,,,,,,,,,,,,,,,,,,,,Will Grigg,Ipswich Town
809,168303,,Sunderland,,19908,,,,,,,,,,,,,,,,,,,,,,,,,Dylan McGeouch,Ipswich Town
810,168303,,Sunderland,,19907,,,,,,,,,,,,,,,,,,,,,,,,,Aiden McGeady,Ipswich Town
811,168303,,Sunderland,,17838,,,,,,,,,,,,,,,,,,,,,,,,,Elliot Embleton,Ipswich Town
812,168315,,Sunderland,,19896,,,,,,,,,,,,,,,,,,,,,,,,,Alim √ñzt√ºrk,Rochdale
813,168315,,Sunderland,,19906,,,,,,,,,,,,,,,,,,,,,,,,,Benjamin Mbunga-Kimpioka,Rochdale
814,168315,,Sunderland,,19633,,,,,,,,,,,,,,,,,,,,,,,,,Connor McLaughlin,Rochdale
815,168315,,Sunderland,,19904,,,,,,,,,,,,,,,,,,,,,,,,,Grant Leadbitter,Rochdale
816,168315,,Sunderland,,19581,,,,,,,,,,,,,,,,,,,,,,,,,Joel Lynch,Rochdale
817,168315,,Sunderland,,19589,,,,,,,,,,,,,,,,,,,,,,,,,Josh Scowen,Rochdale
818,168315,,Sunderland,,8693,,,,,,,,,,,,,,,,,,,,,,,,,Laurens De Bock,Rochdale
819,168315,,Sunderland,,19977,,,,,,,,,,,,,,,,,,,,,,,,,Lee Burge,Rochdale
820,168315,,Sunderland,,44853,,,,,,,,,,,,,,,,,,,,,,,,,Marc McNulty,Rochdale
821,168315,,Sunderland,,19915,,,,,,,,,,,,,,,,,,,,,,,,,Will Grigg,Rochdale
822,168315,,Sunderland,,19908,,,,,,,,,,,,,,,,,,,,,,,,,Dylan McGeouch,Rochdale
823,168315,,Sunderland,,19907,,,,,,,,,,,,,,,,,,,,,,,,,Aiden McGeady,Rochdale
824,168315,,Sunderland,,17838,,,,,,,,,,,,,,,,,,,,,,,,,Elliot Embleton,Rochdale
825,168325,,Sunderland,,19281,,,,,,,,,,,,,,,,,,,,,,,,,Antoine Semenyo,Oxford United
826,168325,,Sunderland,,19906,,,,,,,,,,,,,,,,,,,,,,,,,Benjamin Mbunga-Kimpioka,Oxford United
827,168325,,Sunderland,,19633,,,,,,,,,,,,,,,,,,,,,,,,,Connor McLaughlin,Oxford United
828,168325,,Sunderland,,19913,,,,,,,,,,,,,,,,,,,,,,,,,Duncan Watmore,Oxford United
829,168325,,Sunderland,,19904,,,,,,,,,,,,,,,,,,,,,,,,,Grant Leadbitter,Oxford United
830,168325,,Sunderland,,19581,,,,,,,,,,,,,,,,,,,,,,,,,Joel Lynch,Oxford United
831,168325,,Sunderland,,8693,,,,,,,,,,,,,,,,,,,,,,,,,Laurens De Bock,Oxford United
832,168325,,Sunderland,,19977,,,,,,,,,,,,,,,,,,,,,,,,,Lee Burge,Oxford United
833,168325,,Sunderland,,44853,,,,,,,,,,,,,,,,,,,,,,,,,Marc McNulty,Oxford United
834,168325,,Sunderland,,19915,,,,,,,,,,,,,,,,,,,,,,,,,Will Grigg,Oxford United
835,168325,,Sunderland,,19908,,,,,,,,,,,,,,,,,,,,,,,,,Dylan McGeouch,Oxford United
836,168325,,Sunderland,,19907,,,,,,,,,,,,,,,,,,,,,,,,,Aiden McGeady,Oxford United
837,168325,,Sunderland,,17838,,,,,,,,,,,,,,,,,,,,,,,,,Elliot Embleton,Oxford United
838,168340,,Sunderland,,19266,,,,,,,,,,,,,,,,,,,,,,,,,Bailey Wright,Bristol Rovers
839,168340,,Sunderland,,19906,,,,,,,,,,,,,,,,,,,,,,,,,Benjamin Mbunga-Kimpioka,Bristol Rovers
840,168340,,Sunderland,,19633,,,,,,,,,,,,,,,,,,,,,,,,,Connor McLaughlin,Bristol Rovers
841,168340,,Sunderland,,19904,,,,,,,,,,,,,,,,,,,,,,,,,Grant Leadbitter,Bristol Rovers
842,168340,,Sunderland,,19581,,,,,,,,,,,,,,,,,,,,,,,,,Joel Lynch,Bristol Rovers
843,168340,,Sunderland,,19589,,,,,,,,,,,,,,,,,,,,,,,,,Josh Scowen,Bristol Rovers
844,168340,,Sunderland,,8693,,,,,,,,,,,,,,,,,,,,,,,,,Laurens De Bock,Bristol Rovers
845,168340,,Sunderland,,19977,,,,,,,,,,,,,,,,,,,,,,,,,Lee Burge,Bristol Rovers
846,168340,,Sunderland,,44853,,,,,,,,,,,,,,,,,,,,,,,,,Marc McNulty,Bristol Rovers
847,168340,,Sunderland,,19915,,,,,,,,,,,,,,,,,,,,,,,,,Will Grigg,Bristol Rovers
848,168340,,Sunderland,,19908,,,,,,,,,,,,,,,,,,,,,,,,,Dylan McGeouch,Bristol Rovers
849,168340,,Sunderland,,19907,,,,,,,,,,,,,,,,,,,,,,,,,Aiden McGeady,Bristol Rovers
850,168340,,Sunderland,,17838,,,,,,,,,,,,,,,,,,,,,,,,,Elliot Embleton,Bristol Rovers
851,168077,,Sunderland,,19266,,,,,,,,,,,,,,,,,,,,,,,,,Bailey Wright,Fleetwood Town
852,168077,,Sunderland,,19906,,,,,,,,,,,,,,,,,,,,,,,,,Benjamin Mbunga-Kimpioka,Fleetwood Town
853,168077,,Sunderland,,19633,,,,,,,,,,,,,,,,,,,,,,,,,Connor McLaughlin,Fleetwood Town
854,168077,,Sunderland,,19904,,,,,,,,,,,,,,,,,,,,,,,,,Grant Leadbitter,Fleetwood Town
855,168077,,Sunderland,,19581,,,,,,,,,,,,,,,,,,,,,,,,,Joel Lynch,Fleetwood Town
856,168077,,Sunderland,,19589,,,,,,,,,,,,,,,,,,,,,,,,,Josh Scowen,Fleetwood Town
857,168077,,Sunderland,,8693,,,,,,,,,,,,,,,,,,,,,,,,,Laurens De Bock,Fleetwood Town
858,168077,,Sunderland,,19977,,,,,,,,,,,,,,,,,,,,,,,,,Lee Burge,Fleetwood Town
859,168077,,Sunderland,,44853,,,,,,,,,,,,,,,,,,,,,,,,,Marc McNulty,Fleetwood Town
860,168077,,Sunderland,,19915,,,,,,,,,,,,,,,,,,,,,,,,,Will Grigg,Fleetwood Town
861,168077,,Sunderland,,19908,,,,,,,,,,,,,,,,,,,,,,,,,Dylan McGeouch,Fleetwood Town
862,168077,,Sunderland,,19907,,,,,,,,,,,,,,,,,,,,,,,,,Aiden McGeady,Fleetwood Town
863,168077,,Sunderland,,17838,,,,,,,,,,,,,,,,,,,,,,,,,Elliot Embleton,Fleetwood Town